Date,State,Num_of_Arrivals
1991-01-01,ACT,1990
1991-01-01,NSW,75630
1991-01-01,NT,1220
1991-01-01,QLD,42710
1991-01-01,SA,4930
1991-01-01,TAS,1410
1991-01-01,Total,177410
1991-01-01,VIC,28840
1991-01-01,WA,13790
1991-02-01,ACT,3740
1991-02-01,NSW,78340
1991-02-01,NT,1460
1991-02-01,QLD,42340
1991-02-01,SA,5780
1991-02-01,TAS,1800
1991-02-01,Total,190570
1991-02-01,VIC,33830
1991-02-01,WA,17410
1991-03-01,ACT,2270
1991-03-01,NSW,80520
1991-03-01,NT,710
1991-03-01,QLD,45860
1991-03-01,SA,6240
1991-03-01,TAS,1350
1991-03-01,Total,189180
1991-03-01,VIC,32020
1991-03-01,WA,15450
1991-04-01,ACT,1800
1991-04-01,NSW,68330
1991-04-01,NT,1860
1991-04-01,QLD,42900
1991-04-01,SA,4950
1991-04-01,TAS,710
1991-04-01,Total,168000
1991-04-01,VIC,25810
1991-04-01,WA,17160
1991-05-01,ACT,1230
1991-05-01,NSW,65380
1991-05-01,NT,2360
1991-05-01,QLD,43100
1991-05-01,SA,3610
1991-05-01,TAS,890
1991-05-01,Total,161400
1991-05-01,VIC,24750
1991-05-01,WA,15280
1991-06-01,ACT,1360
1991-06-01,NSW,64100
1991-06-01,NT,2060
1991-06-01,QLD,58800
1991-06-01,SA,2900
1991-06-01,TAS,980
1991-06-01,Total,172230
1991-06-01,VIC,22550
1991-06-01,WA,12930
1991-07-01,ACT,1960
1991-07-01,NSW,86770
1991-07-01,NT,2630
1991-07-01,QLD,61970
1991-07-01,SA,3920
1991-07-01,TAS,890
1991-07-01,Total,208310
1991-07-01,VIC,30170
1991-07-01,WA,12380
1991-08-01,ACT,1560
1991-08-01,NSW,87560
1991-08-01,NT,2630
1991-08-01,QLD,55210
1991-08-01,SA,3240
1991-08-01,TAS,890
1991-08-01,Total,199310
1991-08-01,VIC,28220
1991-08-01,WA,13260
1991-09-01,ACT,2330
1991-09-01,NSW,86500
1991-09-01,NT,1760
1991-09-01,QLD,50130
1991-09-01,SA,3830
1991-09-01,TAS,780
1991-09-01,Total,197360
1991-09-01,VIC,27990
1991-09-01,WA,16010
1991-10-01,ACT,2310
1991-10-01,NSW,90610
1991-10-01,NT,1700
1991-10-01,QLD,56010
1991-10-01,SA,6420
1991-10-01,TAS,920
1991-10-01,Total,215970
1991-10-01,VIC,32860
1991-10-01,WA,15900
1991-11-01,ACT,2390
1991-11-01,NSW,93940
1991-11-01,NT,1690
1991-11-01,QLD,54920
1991-11-01,SA,5680
1991-11-01,TAS,950
1991-11-01,Total,223860
1991-11-01,VIC,36350
1991-11-01,WA,18140
1991-12-01,ACT,2970
1991-12-01,NSW,110600
1991-12-01,NT,2040
1991-12-01,QLD,62200
1991-12-01,SA,7560
1991-12-01,TAS,1930
1991-12-01,Total,266750
1991-12-01,VIC,43180
1991-12-01,WA,25600
1992-01-01,ACT,1610
1992-01-01,NSW,86250
1992-01-01,NT,700
1992-01-01,QLD,50890
1992-01-01,SA,4180
1992-01-01,TAS,2040
1992-01-01,Total,196090
1992-01-01,VIC,28990
1992-01-01,WA,14570
1992-02-01,ACT,1720
1992-02-01,NSW,105340
1992-02-01,NT,1430
1992-02-01,QLD,54510
1992-02-01,SA,5710
1992-02-01,TAS,1860
1992-02-01,Total,238250
1992-02-01,VIC,40880
1992-02-01,WA,19340
1992-03-01,ACT,1660
1992-03-01,NSW,101310
1992-03-01,NT,1310
1992-03-01,QLD,49420
1992-03-01,SA,5290
1992-03-01,TAS,1470
1992-03-01,Total,217800
1992-03-01,VIC,31960
1992-03-01,WA,16820
1992-04-01,ACT,1530
1992-04-01,NSW,93600
1992-04-01,NT,1460
1992-04-01,QLD,49590
1992-04-01,SA,4670
1992-04-01,TAS,1180
1992-04-01,Total,203830
1992-04-01,VIC,28990
1992-04-01,WA,16830
1992-05-01,ACT,1340
1992-05-01,NSW,74960
1992-05-01,NT,2070
1992-05-01,QLD,53270
1992-05-01,SA,2720
1992-05-01,TAS,950
1992-05-01,Total,175220
1992-05-01,VIC,23590
1992-05-01,WA,11180
1992-06-01,ACT,1260
1992-06-01,NSW,71860
1992-06-01,NT,1660
1992-06-01,QLD,57170
1992-06-01,SA,3310
1992-06-01,TAS,700
1992-06-01,Total,176940
1992-06-01,VIC,21900
1992-06-01,WA,14370
1992-07-01,ACT,1950
1992-07-01,NSW,90140
1992-07-01,NT,2330
1992-07-01,QLD,68680
1992-07-01,SA,4700
1992-07-01,TAS,800
1992-07-01,Total,219260
1992-07-01,VIC,26950
1992-07-01,WA,15710
1992-08-01,ACT,1240
1992-08-01,NSW,88000
1992-08-01,NT,2580
1992-08-01,QLD,58830
1992-08-01,SA,3110
1992-08-01,TAS,710
1992-08-01,Total,199080
1992-08-01,VIC,22670
1992-08-01,WA,14680
1992-09-01,ACT,1930
1992-09-01,NSW,81490
1992-09-01,NT,2000
1992-09-01,QLD,53420
1992-09-01,SA,3900
1992-09-01,TAS,510
1992-09-01,Total,190020
1992-09-01,VIC,22850
1992-09-01,WA,16890
1992-10-01,ACT,1590
1992-10-01,NSW,95300
1992-10-01,NT,2420
1992-10-01,QLD,63410
1992-10-01,SA,4950
1992-10-01,TAS,920
1992-10-01,Total,229320
1992-10-01,VIC,32340
1992-10-01,WA,18780
1992-11-01,ACT,1980
1992-11-01,NSW,113730
1992-11-01,NT,1250
1992-11-01,QLD,66630
1992-11-01,SA,6020
1992-11-01,TAS,1390
1992-11-01,Total,255040
1992-11-01,VIC,37890
1992-11-01,WA,21790
1992-12-01,ACT,2340
1992-12-01,NSW,130290
1992-12-01,NT,1830
1992-12-01,QLD,78940
1992-12-01,SA,8290
1992-12-01,TAS,3000
1992-12-01,Total,302400
1992-12-01,VIC,42850
1992-12-01,WA,31030
1993-01-01,ACT,1620
1993-01-01,NSW,107530
1993-01-01,NT,1320
1993-01-01,QLD,67410
1993-01-01,SA,4990
1993-01-01,TAS,1810
1993-01-01,Total,242760
1993-01-01,VIC,32820
1993-01-01,WA,19130
1993-02-01,ACT,2190
1993-02-01,NSW,111900
1993-02-01,NT,1340
1993-02-01,QLD,57540
1993-02-01,SA,5810
1993-02-01,TAS,2340
1993-02-01,Total,245460
1993-02-01,VIC,38710
1993-02-01,WA,20000
1993-03-01,ACT,2080
1993-03-01,NSW,115310
1993-03-01,NT,960
1993-03-01,QLD,66710
1993-03-01,SA,7220
1993-03-01,TAS,2710
1993-03-01,Total,257950
1993-03-01,VIC,37210
1993-03-01,WA,20380
1993-04-01,ACT,1490
1993-04-01,NSW,100640
1993-04-01,NT,1870
1993-04-01,QLD,64560
1993-04-01,SA,5050
1993-04-01,TAS,1040
1993-04-01,Total,226320
1993-04-01,VIC,29330
1993-04-01,WA,19550
1993-05-01,ACT,1100
1993-05-01,NSW,89410
1993-05-01,NT,2150
1993-05-01,QLD,66460
1993-05-01,SA,3390
1993-05-01,TAS,900
1993-05-01,Total,213410
1993-05-01,VIC,32820
1993-05-01,WA,16710
1993-06-01,ACT,1170
1993-06-01,NSW,85650
1993-06-01,NT,1730
1993-06-01,QLD,69530
1993-06-01,SA,3170
1993-06-01,TAS,610
1993-06-01,Total,204580
1993-06-01,VIC,22460
1993-06-01,WA,19370
1993-07-01,ACT,2590
1993-07-01,NSW,112540
1993-07-01,NT,3670
1993-07-01,QLD,71200
1993-07-01,SA,5070
1993-07-01,TAS,910
1993-07-01,Total,244620
1993-07-01,VIC,29150
1993-07-01,WA,18680
1993-08-01,ACT,1280
1993-08-01,NSW,103620
1993-08-01,NT,3840
1993-08-01,QLD,79080
1993-08-01,SA,3920
1993-08-01,TAS,790
1993-08-01,Total,239930
1993-08-01,VIC,25440
1993-08-01,WA,19780
1993-09-01,ACT,2600
1993-09-01,NSW,99600
1993-09-01,NT,2950
1993-09-01,QLD,65700
1993-09-01,SA,5940
1993-09-01,TAS,850
1993-09-01,Total,224030
1993-09-01,VIC,24720
1993-09-01,WA,20390
1993-10-01,ACT,2180
1993-10-01,NSW,125690
1993-10-01,NT,3200
1993-10-01,QLD,73480
1993-10-01,SA,5550
1993-10-01,TAS,1420
1993-10-01,Total,267220
1993-10-01,VIC,31310
1993-10-01,WA,21290
1993-11-01,ACT,2190
1993-11-01,NSW,116820
1993-11-01,NT,2660
1993-11-01,QLD,82340
1993-11-01,SA,7770
1993-11-01,TAS,1950
1993-11-01,Total,285910
1993-11-01,VIC,42390
1993-11-01,WA,29800
1993-12-01,ACT,3160
1993-12-01,NSW,142900
1993-12-01,NT,1940
1993-12-01,QLD,93050
1993-12-01,SA,9190
1993-12-01,TAS,3600
1993-12-01,Total,344040
1993-12-01,VIC,51670
1993-12-01,WA,38530
1994-01-01,ACT,1460
1994-01-01,NSW,114520
1994-01-01,NT,1640
1994-01-01,QLD,65050
1994-01-01,SA,5770
1994-01-01,TAS,2190
1994-01-01,Total,250530
1994-01-01,VIC,38270
1994-01-01,WA,21620
1994-02-01,ACT,2320
1994-02-01,NSW,134630
1994-02-01,NT,2270
1994-02-01,QLD,82990
1994-02-01,SA,7360
1994-02-01,TAS,2340
1994-02-01,Total,304280
1994-02-01,VIC,43170
1994-02-01,WA,29210
1994-03-01,ACT,1780
1994-03-01,NSW,138580
1994-03-01,NT,2510
1994-03-01,QLD,78410
1994-03-01,SA,6840
1994-03-01,TAS,1250
1994-03-01,Total,307400
1994-03-01,VIC,45380
1994-03-01,WA,32650
1994-04-01,ACT,2490
1994-04-01,NSW,118480
1994-04-01,NT,2740
1994-04-01,QLD,68170
1994-04-01,SA,5870
1994-04-01,TAS,1150
1994-04-01,Total,255130
1994-04-01,VIC,32280
1994-04-01,WA,23950
1994-05-01,ACT,1440
1994-05-01,NSW,91620
1994-05-01,NT,2470
1994-05-01,QLD,69520
1994-05-01,SA,3460
1994-05-01,TAS,1090
1994-05-01,Total,214940
1994-05-01,VIC,25320
1994-05-01,WA,20030
1994-06-01,ACT,1700
1994-06-01,NSW,97760
1994-06-01,NT,3490
1994-06-01,QLD,75650
1994-06-01,SA,3400
1994-06-01,TAS,740
1994-06-01,Total,230940
1994-06-01,VIC,26390
1994-06-01,WA,21800
1994-07-01,ACT,2580
1994-07-01,NSW,126810
1994-07-01,NT,6160
1994-07-01,QLD,80290
1994-07-01,SA,5970
1994-07-01,TAS,870
1994-07-01,Total,282510
1994-07-01,VIC,34140
1994-07-01,WA,25690
1994-08-01,ACT,1870
1994-08-01,NSW,119140
1994-08-01,NT,4630
1994-08-01,QLD,83670
1994-08-01,SA,3760
1994-08-01,TAS,670
1994-08-01,Total,265430
1994-08-01,VIC,27640
1994-08-01,WA,24060
1994-09-01,ACT,2090
1994-09-01,NSW,109200
1994-09-01,NT,3950
1994-09-01,QLD,81480
1994-09-01,SA,4730
1994-09-01,TAS,760
1994-09-01,Total,253970
1994-09-01,VIC,27800
1994-09-01,WA,23950
1994-10-01,ACT,2150
1994-10-01,NSW,127760
1994-10-01,NT,5510
1994-10-01,QLD,88050
1994-10-01,SA,6480
1994-10-01,TAS,1160
1994-10-01,Total,301590
1994-10-01,VIC,40960
1994-10-01,WA,29520
1994-11-01,ACT,2110
1994-11-01,NSW,131050
1994-11-01,NT,3570
1994-11-01,QLD,89540
1994-11-01,SA,8430
1994-11-01,TAS,1970
1994-11-01,Total,311000
1994-11-01,VIC,41440
1994-11-01,WA,32880
1994-12-01,ACT,3020
1994-12-01,NSW,158500
1994-12-01,NT,3310
1994-12-01,QLD,107820
1994-12-01,SA,7840
1994-12-01,TAS,3800
1994-12-01,Total,384010
1994-12-01,VIC,55940
1994-12-01,WA,43800
1995-01-01,ACT,2800
1995-01-01,NSW,133300
1995-01-01,NT,2330
1995-01-01,QLD,87520
1995-01-01,SA,6750
1995-01-01,TAS,2620
1995-01-01,Total,303760
1995-01-01,VIC,41240
1995-01-01,WA,27210
1995-02-01,ACT,3380
1995-02-01,NSW,142740
1995-02-01,NT,2360
1995-02-01,QLD,80650
1995-02-01,SA,6550
1995-02-01,TAS,2260
1995-02-01,Total,319050
1995-02-01,VIC,52460
1995-02-01,WA,28120
1995-03-01,ACT,2160
1995-03-01,NSW,137900
1995-03-01,NT,2720
1995-03-01,QLD,86180
1995-03-01,SA,7640
1995-03-01,TAS,1860
1995-03-01,Total,313540
1995-03-01,VIC,43940
1995-03-01,WA,30270
1995-04-01,ACT,2440
1995-04-01,NSW,125210
1995-04-01,NT,3280
1995-04-01,QLD,84590
1995-04-01,SA,6610
1995-04-01,TAS,1880
1995-04-01,Total,294160
1995-04-01,VIC,41690
1995-04-01,WA,27780
1995-05-01,ACT,1530
1995-05-01,NSW,102460
1995-05-01,NT,4240
1995-05-01,QLD,82140
1995-05-01,SA,3260
1995-05-01,TAS,1010
1995-05-01,Total,244810
1995-05-01,VIC,27730
1995-05-01,WA,21640
1995-06-01,ACT,1720
1995-06-01,NSW,108050
1995-06-01,NT,3700
1995-06-01,QLD,89720
1995-06-01,SA,4010
1995-06-01,TAS,880
1995-06-01,Total,261440
1995-06-01,VIC,27780
1995-06-01,WA,24790
1995-07-01,ACT,2560
1995-07-01,NSW,149380
1995-07-01,NT,5180
1995-07-01,QLD,102340
1995-07-01,SA,5410
1995-07-01,TAS,1080
1995-07-01,Total,329740
1995-07-01,VIC,38500
1995-07-01,WA,24480
1995-08-01,ACT,1990
1995-08-01,NSW,128760
1995-08-01,NT,5090
1995-08-01,QLD,106800
1995-08-01,SA,5000
1995-08-01,TAS,890
1995-08-01,Total,304900
1995-08-01,VIC,30790
1995-08-01,WA,24840
1995-09-01,ACT,2140
1995-09-01,NSW,118590
1995-09-01,NT,4050
1995-09-01,QLD,81090
1995-09-01,SA,5090
1995-09-01,TAS,1150
1995-09-01,Total,268570
1995-09-01,VIC,31010
1995-09-01,WA,24630
1995-10-01,ACT,2090
1995-10-01,NSW,143850
1995-10-01,NT,5440
1995-10-01,QLD,91430
1995-10-01,SA,6640
1995-10-01,TAS,1440
1995-10-01,Total,320660
1995-10-01,VIC,38990
1995-10-01,WA,30330
1995-11-01,ACT,2610
1995-11-01,NSW,145610
1995-11-01,NT,3920
1995-11-01,QLD,97970
1995-11-01,SA,8750
1995-11-01,TAS,2220
1995-11-01,Total,342930
1995-11-01,VIC,47360
1995-11-01,WA,33660
1995-12-01,ACT,3030
1995-12-01,NSW,176570
1995-12-01,NT,2860
1995-12-01,QLD,120020
1995-12-01,SA,8570
1995-12-01,TAS,4590
1995-12-01,Total,422260
1995-12-01,VIC,58720
1995-12-01,WA,46800
1996-01-01,ACT,2200
1996-01-01,NSW,141870
1996-01-01,NT,2850
1996-01-01,QLD,92130
1996-01-01,SA,6440
1996-01-01,TAS,1830
1996-01-01,Total,317210
1996-01-01,VIC,45160
1996-01-01,WA,24250
1996-02-01,ACT,3210
1996-02-01,NSW,171700
1996-02-01,NT,2470
1996-02-01,QLD,108830
1996-02-01,SA,7980
1996-02-01,TAS,2690
1996-02-01,Total,392690
1996-02-01,VIC,55570
1996-02-01,WA,39640
1996-03-01,ACT,2910
1996-03-01,NSW,161280
1996-03-01,NT,2660
1996-03-01,QLD,105400
1996-03-01,SA,7970
1996-03-01,TAS,2120
1996-03-01,Total,365550
1996-03-01,VIC,51670
1996-03-01,WA,31010
1996-04-01,ACT,2660
1996-04-01,NSW,149170
1996-04-01,NT,2440
1996-04-01,QLD,95560
1996-04-01,SA,6630
1996-04-01,TAS,1420
1996-04-01,Total,333200
1996-04-01,VIC,42580
1996-04-01,WA,32270
1996-05-01,ACT,1730
1996-05-01,NSW,108580
1996-05-01,NT,3530
1996-05-01,QLD,84920
1996-05-01,SA,5500
1996-05-01,TAS,880
1996-05-01,Total,261510
1996-05-01,VIC,33260
1996-05-01,WA,22550
1996-06-01,ACT,1910
1996-06-01,NSW,124570
1996-06-01,NT,4540
1996-06-01,QLD,106150
1996-06-01,SA,4520
1996-06-01,TAS,860
1996-06-01,Total,306930
1996-06-01,VIC,37570
1996-06-01,WA,26720
1996-07-01,ACT,2980
1996-07-01,NSW,145140
1996-07-01,NT,6090
1996-07-01,QLD,123080
1996-07-01,SA,6540
1996-07-01,TAS,890
1996-07-01,Total,358230
1996-07-01,VIC,44630
1996-07-01,WA,28780
1996-08-01,ACT,1820
1996-08-01,NSW,138650
1996-08-01,NT,4140
1996-08-01,QLD,114960
1996-08-01,SA,5240
1996-08-01,TAS,890
1996-08-01,Total,329240
1996-08-01,VIC,34250
1996-08-01,WA,28950
1996-09-01,ACT,2810
1996-09-01,NSW,126370
1996-09-01,NT,4360
1996-09-01,QLD,105140
1996-09-01,SA,5480
1996-09-01,TAS,910
1996-09-01,Total,309160
1996-09-01,VIC,36340
1996-09-01,WA,27540
1996-10-01,ACT,2760
1996-10-01,NSW,150010
1996-10-01,NT,5590
1996-10-01,QLD,101760
1996-10-01,SA,8750
1996-10-01,TAS,1390
1996-10-01,Total,350360
1996-10-01,VIC,45360
1996-10-01,WA,34460
1996-11-01,ACT,2360
1996-11-01,NSW,162720
1996-11-01,NT,4430
1996-11-01,QLD,105530
1996-11-01,SA,7950
1996-11-01,TAS,2100
1996-11-01,Total,375570
1996-11-01,VIC,52770
1996-11-01,WA,37270
1996-12-01,ACT,2780
1996-12-01,NSW,195580
1996-12-01,NT,3480
1996-12-01,QLD,136260
1996-12-01,SA,10410
1996-12-01,TAS,2520
1996-12-01,Total,465180
1996-12-01,VIC,63930
1996-12-01,WA,49430
1997-01-01,ACT,2220
1997-01-01,NSW,149990
1997-01-01,NT,2460
1997-01-01,QLD,97650
1997-01-01,SA,7880
1997-01-01,TAS,2820
1997-01-01,Total,342890
1997-01-01,VIC,50180
1997-01-01,WA,29630
1997-02-01,ACT,3620
1997-02-01,NSW,165760
1997-02-01,NT,5050
1997-02-01,QLD,114790
1997-02-01,SA,8750
1997-02-01,TAS,3770
1997-02-01,Total,407960
1997-02-01,VIC,66070
1997-02-01,WA,39350
1997-03-01,ACT,2990
1997-03-01,NSW,166680
1997-03-01,NT,3920
1997-03-01,QLD,113940
1997-03-01,SA,8730
1997-03-01,TAS,2280
1997-03-01,Total,390900
1997-03-01,VIC,55990
1997-03-01,WA,35670
1997-04-01,ACT,2420
1997-04-01,NSW,133760
1997-04-01,NT,2830
1997-04-01,QLD,100650
1997-04-01,SA,6170
1997-04-01,TAS,1600
1997-04-01,Total,325900
1997-04-01,VIC,45230
1997-04-01,WA,33000
1997-05-01,ACT,1680
1997-05-01,NSW,123190
1997-05-01,NT,4390
1997-05-01,QLD,94510
1997-05-01,SA,4590
1997-05-01,TAS,770
1997-05-01,Total,289100
1997-05-01,VIC,34860
1997-05-01,WA,25000
1997-06-01,ACT,1620
1997-06-01,NSW,125130
1997-06-01,NT,3980
1997-06-01,QLD,104980
1997-06-01,SA,4270
1997-06-01,TAS,870
1997-06-01,Total,308180
1997-06-01,VIC,38440
1997-06-01,WA,28530
1997-07-01,ACT,3020
1997-07-01,NSW,153290
1997-07-01,NT,5590
1997-07-01,QLD,130500
1997-07-01,SA,7000
1997-07-01,TAS,1740
1997-07-01,Total,397360
1997-07-01,VIC,64890
1997-07-01,WA,30820
1997-08-01,ACT,2830
1997-08-01,NSW,130430
1997-08-01,NT,5030
1997-08-01,QLD,117370
1997-08-01,SA,7470
1997-08-01,TAS,1230
1997-08-01,Total,330430
1997-08-01,VIC,38770
1997-08-01,WA,26780
1997-09-01,ACT,2150
1997-09-01,NSW,134300
1997-09-01,NT,5250
1997-09-01,QLD,109140
1997-09-01,SA,6060
1997-09-01,TAS,870
1997-09-01,Total,330940
1997-09-01,VIC,41430
1997-09-01,WA,31640
1997-10-01,ACT,2730
1997-10-01,NSW,149050
1997-10-01,NT,5290
1997-10-01,QLD,112060
1997-10-01,SA,8630
1997-10-01,TAS,1700
1997-10-01,Total,366480
1997-10-01,VIC,49080
1997-10-01,WA,37810
1997-11-01,ACT,2530
1997-11-01,NSW,156030
1997-11-01,NT,5140
1997-11-01,QLD,112660
1997-11-01,SA,9140
1997-11-01,TAS,2090
1997-11-01,Total,379460
1997-11-01,VIC,53540
1997-11-01,WA,37840
1997-12-01,ACT,3490
1997-12-01,NSW,182330
1997-12-01,NT,3750
1997-12-01,QLD,123150
1997-12-01,SA,12970
1997-12-01,TAS,4440
1997-12-01,Total,448280
1997-12-01,VIC,68380
1997-12-01,WA,49370
1998-01-01,ACT,2810
1998-01-01,NSW,144010
1998-01-01,NT,3200
1998-01-01,QLD,99540
1998-01-01,SA,7580
1998-01-01,TAS,3070
1998-01-01,Total,346230
1998-01-01,VIC,51310
1998-01-01,WA,34480
1998-02-01,ACT,3150
1998-02-01,NSW,152600
1998-02-01,NT,3240
1998-02-01,QLD,87660
1998-02-01,SA,9560
1998-02-01,TAS,4790
1998-02-01,Total,353610
1998-02-01,VIC,59930
1998-02-01,WA,32550
1998-03-01,ACT,3080
1998-03-01,NSW,142460
1998-03-01,NT,2590
1998-03-01,QLD,90620
1998-03-01,SA,8060
1998-03-01,TAS,2430
1998-03-01,Total,338560
1998-03-01,VIC,55750
1998-03-01,WA,33270
1998-04-01,ACT,2810
1998-04-01,NSW,145130
1998-04-01,NT,2620
1998-04-01,QLD,100920
1998-04-01,SA,7680
1998-04-01,TAS,1080
1998-04-01,Total,341080
1998-04-01,VIC,48300
1998-04-01,WA,32150
1998-05-01,ACT,1590
1998-05-01,NSW,114700
1998-05-01,NT,3520
1998-05-01,QLD,90830
1998-05-01,SA,4930
1998-05-01,TAS,960
1998-05-01,Total,283400
1998-05-01,VIC,38420
1998-05-01,WA,28270
1998-06-01,ACT,2020
1998-06-01,NSW,117010
1998-06-01,NT,3630
1998-06-01,QLD,108740
1998-06-01,SA,3650
1998-06-01,TAS,1000
1998-06-01,Total,304190
1998-06-01,VIC,40240
1998-06-01,WA,27400
1998-07-01,ACT,2360
1998-07-01,NSW,152430
1998-07-01,NT,6020
1998-07-01,QLD,117250
1998-07-01,SA,5430
1998-07-01,TAS,550
1998-07-01,Total,372300
1998-07-01,VIC,56030
1998-07-01,WA,31070
1998-08-01,ACT,1630
1998-08-01,NSW,134250
1998-08-01,NT,5110
1998-08-01,QLD,109970
1998-08-01,SA,6130
1998-08-01,TAS,990
1998-08-01,Total,323680
1998-08-01,VIC,37190
1998-08-01,WA,27450
1998-09-01,ACT,2530
1998-09-01,NSW,130130
1998-09-01,NT,5580
1998-09-01,QLD,100840
1998-09-01,SA,5640
1998-09-01,TAS,900
1998-09-01,Total,323860
1998-09-01,VIC,48670
1998-09-01,WA,28810
1998-10-01,ACT,1670
1998-10-01,NSW,142370
1998-10-01,NT,5610
1998-10-01,QLD,103140
1998-10-01,SA,6980
1998-10-01,TAS,1840
1998-10-01,Total,354750
1998-10-01,VIC,56360
1998-10-01,WA,35710
1998-11-01,ACT,2420
1998-11-01,NSW,150000
1998-11-01,NT,3780
1998-11-01,QLD,101040
1998-11-01,SA,9310
1998-11-01,TAS,1930
1998-11-01,Total,367910
1998-11-01,VIC,59560
1998-11-01,WA,38800
1998-12-01,ACT,3230
1998-12-01,NSW,185430
1998-12-01,NT,4380
1998-12-01,QLD,122590
1998-12-01,SA,13180
1998-12-01,TAS,3880
1998-12-01,Total,457640
1998-12-01,VIC,76160
1998-12-01,WA,47400
1999-01-01,ACT,2170
1999-01-01,NSW,143420
1999-01-01,NT,3400
1999-01-01,QLD,99240
1999-01-01,SA,8660
1999-01-01,TAS,2840
1999-01-01,Total,350980
1999-01-01,VIC,56450
1999-01-01,WA,33950
1999-02-01,ACT,2970
1999-02-01,NSW,168570
1999-02-01,NT,4010
1999-02-01,QLD,101990
1999-02-01,SA,10360
1999-02-01,TAS,2710
1999-02-01,Total,398570
1999-02-01,VIC,65440
1999-02-01,WA,41510
1999-03-01,ACT,3090
1999-03-01,NSW,164200
1999-03-01,NT,3510
1999-03-01,QLD,104610
1999-03-01,SA,8530
1999-03-01,TAS,2310
1999-03-01,Total,389020
1999-03-01,VIC,63520
1999-03-01,WA,38090
1999-04-01,ACT,2360
1999-04-01,NSW,143260
1999-04-01,NT,2810
1999-04-01,QLD,95870
1999-04-01,SA,7190
1999-04-01,TAS,1420
1999-04-01,Total,334130
1999-04-01,VIC,47940
1999-04-01,WA,32380
1999-05-01,ACT,1850
1999-05-01,NSW,118190
1999-05-01,NT,4260
1999-05-01,QLD,96570
1999-05-01,SA,6670
1999-05-01,TAS,1270
1999-05-01,Total,298130
1999-05-01,VIC,40910
1999-05-01,WA,27520
1999-06-01,ACT,2400
1999-06-01,NSW,118770
1999-06-01,NT,4440
1999-06-01,QLD,110800
1999-06-01,SA,6750
1999-06-01,TAS,850
1999-06-01,Total,317060
1999-06-01,VIC,43700
1999-06-01,WA,28140
1999-07-01,ACT,3530
1999-07-01,NSW,154400
1999-07-01,NT,7990
1999-07-01,QLD,125830
1999-07-01,SA,8550
1999-07-01,TAS,1060
1999-07-01,Total,388460
1999-07-01,VIC,53990
1999-07-01,WA,33110
1999-08-01,ACT,1850
1999-08-01,NSW,146360
1999-08-01,NT,5150
1999-08-01,QLD,118290
1999-08-01,SA,7090
1999-08-01,TAS,1020
1999-08-01,Total,355610
1999-08-01,VIC,42860
1999-08-01,WA,33000
1999-09-01,ACT,2950
1999-09-01,NSW,141040
1999-09-01,NT,6380
1999-09-01,QLD,112130
1999-09-01,SA,7780
1999-09-01,TAS,1300
1999-09-01,Total,353130
1999-09-01,VIC,45410
1999-09-01,WA,36070
1999-10-01,ACT,2700
1999-10-01,NSW,153580
1999-10-01,NT,7370
1999-10-01,QLD,114680
1999-10-01,SA,11860
1999-10-01,TAS,1260
1999-10-01,Total,396980
1999-10-01,VIC,64960
1999-10-01,WA,40540
1999-11-01,ACT,3040
1999-11-01,NSW,177560
1999-11-01,NT,4580
1999-11-01,QLD,112260
1999-11-01,SA,10380
1999-11-01,TAS,2180
1999-11-01,Total,416670
1999-11-01,VIC,60860
1999-11-01,WA,45770
1999-12-01,ACT,3450
1999-12-01,NSW,199780
1999-12-01,NT,4930
1999-12-01,QLD,117590
1999-12-01,SA,15770
1999-12-01,TAS,3330
1999-12-01,Total,460780
1999-12-01,VIC,71350
1999-12-01,WA,44350
2000-01-01,ACT,3240
2000-01-01,NSW,155900
2000-01-01,NT,3270
2000-01-01,QLD,88620
2000-01-01,SA,9740
2000-01-01,TAS,2880
2000-01-01,Total,360800
2000-01-01,VIC,60170
2000-01-01,WA,36980
2000-02-01,ACT,3280
2000-02-01,NSW,190020
2000-02-01,NT,4660
2000-02-01,QLD,107660
2000-02-01,SA,11400
2000-02-01,TAS,5620
2000-02-01,Total,434590
2000-02-01,VIC,70240
2000-02-01,WA,41690
2000-03-01,ACT,3160
2000-03-01,NSW,174210
2000-03-01,NT,5990
2000-03-01,QLD,104280
2000-03-01,SA,12370
2000-03-01,TAS,2400
2000-03-01,Total,411860
2000-03-01,VIC,70440
2000-03-01,WA,38910
2000-04-01,ACT,3530
2000-04-01,NSW,177090
2000-04-01,NT,4740
2000-04-01,QLD,113620
2000-04-01,SA,11710
2000-04-01,TAS,2110
2000-04-01,Total,405620
2000-04-01,VIC,57450
2000-04-01,WA,35310
2000-05-01,ACT,2400
2000-05-01,NSW,137840
2000-05-01,NT,4840
2000-05-01,QLD,95140
2000-05-01,SA,6550
2000-05-01,TAS,1020
2000-05-01,Total,319350
2000-05-01,VIC,44090
2000-05-01,WA,27370
2000-06-01,ACT,3710
2000-06-01,NSW,137230
2000-06-01,NT,6490
2000-06-01,QLD,115840
2000-06-01,SA,9140
2000-06-01,TAS,950
2000-06-01,Total,347940
2000-06-01,VIC,44130
2000-06-01,WA,30360
2000-07-01,ACT,5000
2000-07-01,NSW,177050
2000-07-01,NT,8530
2000-07-01,QLD,129700
2000-07-01,SA,10230
2000-07-01,TAS,1240
2000-07-01,Total,429030
2000-07-01,VIC,60560
2000-07-01,WA,36640
2000-08-01,ACT,2590
2000-08-01,NSW,154200
2000-08-01,NT,5240
2000-08-01,QLD,117080
2000-08-01,SA,7250
2000-08-01,TAS,1480
2000-08-01,Total,372850
2000-08-01,VIC,54180
2000-08-01,WA,30580
2000-09-01,ACT,5430
2000-09-01,NSW,222370
2000-09-01,NT,3660
2000-09-01,QLD,90230
2000-09-01,SA,5880
2000-09-01,TAS,1150
2000-09-01,Total,402970
2000-09-01,VIC,47200
2000-09-01,WA,26930
2000-10-01,ACT,3440
2000-10-01,NSW,184950
2000-10-01,NT,5780
2000-10-01,QLD,115220
2000-10-01,SA,8620
2000-10-01,TAS,2900
2000-10-01,Total,426510
2000-10-01,VIC,69020
2000-10-01,WA,36480
2000-11-01,ACT,3030
2000-11-01,NSW,194410
2000-11-01,NT,4910
2000-11-01,QLD,120840
2000-11-01,SA,8660
2000-11-01,TAS,3020
2000-11-01,Total,459910
2000-11-01,VIC,78130
2000-11-01,WA,46240
2000-12-01,ACT,4660
2000-12-01,NSW,237720
2000-12-01,NT,4280
2000-12-01,QLD,135500
2000-12-01,SA,16660
2000-12-01,TAS,5900
2000-12-01,Total,559930
2000-12-01,VIC,89380
2000-12-01,WA,65620
2001-01-01,ACT,3540
2001-01-01,NSW,176100
2001-01-01,NT,4480
2001-01-01,QLD,107960
2001-01-01,SA,10460
2001-01-01,TAS,3110
2001-01-01,Total,416600
2001-01-01,VIC,67650
2001-01-01,WA,43130
2001-02-01,ACT,4350
2001-02-01,NSW,184340
2001-02-01,NT,4870
2001-02-01,QLD,98480
2001-02-01,SA,10270
2001-02-01,TAS,3990
2001-02-01,Total,429200
2001-02-01,VIC,79620
2001-02-01,WA,43180
2001-03-01,ACT,3740
2001-03-01,NSW,174370
2001-03-01,NT,5740
2001-03-01,QLD,113590
2001-03-01,SA,10480
2001-03-01,TAS,3500
2001-03-01,Total,428750
2001-03-01,VIC,73280
2001-03-01,WA,43670
2001-04-01,ACT,4430
2001-04-01,NSW,164850
2001-04-01,NT,5960
2001-04-01,QLD,115840
2001-04-01,SA,9920
2001-04-01,TAS,2590
2001-04-01,Total,405380
2001-04-01,VIC,64350
2001-04-01,WA,37140
2001-05-01,ACT,3020
2001-05-01,NSW,139860
2001-05-01,NT,5690
2001-05-01,QLD,98830
2001-05-01,SA,5620
2001-05-01,TAS,1250
2001-05-01,Total,330180
2001-05-01,VIC,49100
2001-05-01,WA,26230
2001-06-01,ACT,2450
2001-06-01,NSW,142210
2001-06-01,NT,5400
2001-06-01,QLD,133220
2001-06-01,SA,6520
2001-06-01,TAS,1490
2001-06-01,Total,370020
2001-06-01,VIC,48880
2001-06-01,WA,29530
2001-07-01,ACT,5360
2001-07-01,NSW,173030
2001-07-01,NT,8220
2001-07-01,QLD,139450
2001-07-01,SA,11710
2001-07-01,TAS,1780
2001-07-01,Total,446880
2001-07-01,VIC,74260
2001-07-01,WA,33050
2001-08-01,ACT,3890
2001-08-01,NSW,154450
2001-08-01,NT,6660
2001-08-01,QLD,125410
2001-08-01,SA,6930
2001-08-01,TAS,1490
2001-08-01,Total,384590
2001-08-01,VIC,53730
2001-08-01,WA,31960
2001-09-01,ACT,3600
2001-09-01,NSW,142230
2001-09-01,NT,7200
2001-09-01,QLD,114220
2001-09-01,SA,7850
2001-09-01,TAS,1810
2001-09-01,Total,366290
2001-09-01,VIC,53640
2001-09-01,WA,35580
2001-10-01,ACT,2890
2001-10-01,NSW,149080
2001-10-01,NT,7060
2001-10-01,QLD,102350
2001-10-01,SA,9310
2001-10-01,TAS,2480
2001-10-01,Total,378470
2001-10-01,VIC,67080
2001-10-01,WA,38230
2001-11-01,ACT,2920
2001-11-01,NSW,154330
2001-11-01,NT,4910
2001-11-01,QLD,97160
2001-11-01,SA,9240
2001-11-01,TAS,3140
2001-11-01,Total,376190
2001-11-01,VIC,66640
2001-11-01,WA,37840
2001-12-01,ACT,4390
2001-12-01,NSW,224380
2001-12-01,NT,4120
2001-12-01,QLD,124000
2001-12-01,SA,13860
2001-12-01,TAS,5090
2001-12-01,Total,523190
2001-12-01,VIC,91620
2001-12-01,WA,55710
2002-01-01,ACT,3950
2002-01-01,NSW,158330
2002-01-01,NT,4520
2002-01-01,QLD,90590
2002-01-01,SA,9260
2002-01-01,TAS,5090
2002-01-01,Total,379290
2002-01-01,VIC,71520
2002-01-01,WA,36020
2002-02-01,ACT,4890
2002-02-01,NSW,179990
2002-02-01,NT,4720
2002-02-01,QLD,102480
2002-02-01,SA,11830
2002-02-01,TAS,5620
2002-02-01,Total,437240
2002-02-01,VIC,84480
2002-02-01,WA,43230
2002-03-01,ACT,4320
2002-03-01,NSW,182270
2002-03-01,NT,5120
2002-03-01,QLD,112280
2002-03-01,SA,11090
2002-03-01,TAS,3230
2002-03-01,Total,446500
2002-03-01,VIC,82000
2002-03-01,WA,46040
2002-04-01,ACT,4010
2002-04-01,NSW,152000
2002-04-01,NT,4800
2002-04-01,QLD,98320
2002-04-01,SA,7400
2002-04-01,TAS,1540
2002-04-01,Total,360310
2002-04-01,VIC,59230
2002-04-01,WA,32980
2002-05-01,ACT,2970
2002-05-01,NSW,133540
2002-05-01,NT,4790
2002-05-01,QLD,97660
2002-05-01,SA,5850
2002-05-01,TAS,1340
2002-05-01,Total,329950
2002-05-01,VIC,53780
2002-05-01,WA,30000
2002-06-01,ACT,3220
2002-06-01,NSW,126950
2002-06-01,NT,5340
2002-06-01,QLD,117080
2002-06-01,SA,5340
2002-06-01,TAS,1800
2002-06-01,Total,339390
2002-06-01,VIC,49000
2002-06-01,WA,30660
2002-07-01,ACT,4920
2002-07-01,NSW,162930
2002-07-01,NT,6430
2002-07-01,QLD,131800
2002-07-01,SA,10220
2002-07-01,TAS,1300
2002-07-01,Total,418160
2002-07-01,VIC,66780
2002-07-01,WA,33600
2002-08-01,ACT,2810
2002-08-01,NSW,146170
2002-08-01,NT,6710
2002-08-01,QLD,119760
2002-08-01,SA,8140
2002-08-01,TAS,1370
2002-08-01,Total,371940
2002-08-01,VIC,55000
2002-08-01,WA,31970
2002-09-01,ACT,2900
2002-09-01,NSW,137380
2002-09-01,NT,6420
2002-09-01,QLD,110640
2002-09-01,SA,6940
2002-09-01,TAS,1270
2002-09-01,Total,358570
2002-09-01,VIC,58250
2002-09-01,WA,34740
2002-10-01,ACT,4270
2002-10-01,NSW,173850
2002-10-01,NT,5500
2002-10-01,QLD,120690
2002-10-01,SA,8450
2002-10-01,TAS,2200
2002-10-01,Total,428860
2002-10-01,VIC,71010
2002-10-01,WA,42900
2002-11-01,ACT,3500
2002-11-01,NSW,170310
2002-11-01,NT,5620
2002-11-01,QLD,122380
2002-11-01,SA,12220
2002-11-01,TAS,3190
2002-11-01,Total,437020
2002-11-01,VIC,71640
2002-11-01,WA,48100
2002-12-01,ACT,4550
2002-12-01,NSW,217700
2002-12-01,NT,3860
2002-12-01,QLD,130670
2002-12-01,SA,15050
2002-12-01,TAS,5590
2002-12-01,Total,533970
2002-12-01,VIC,96260
2002-12-01,WA,60280
2003-01-01,ACT,4100
2003-01-01,NSW,163840
2003-01-01,NT,3060
2003-01-01,QLD,103470
2003-01-01,SA,9160
2003-01-01,TAS,3590
2003-01-01,Total,396650
2003-01-01,VIC,70800
2003-01-01,WA,38610
2003-02-01,ACT,4820
2003-02-01,NSW,173750
2003-02-01,NT,3700
2003-02-01,QLD,101110
2003-02-01,SA,11400
2003-02-01,TAS,5490
2003-02-01,Total,427480
2003-02-01,VIC,83700
2003-02-01,WA,43520
2003-03-01,ACT,3700
2003-03-01,NSW,158770
2003-03-01,NT,3690
2003-03-01,QLD,97870
2003-03-01,SA,10500
2003-03-01,TAS,3160
2003-03-01,Total,392470
2003-03-01,VIC,74060
2003-03-01,WA,40680
2003-04-01,ACT,3390
2003-04-01,NSW,129290
2003-04-01,NT,2820
2003-04-01,QLD,91830
2003-04-01,SA,7640
2003-04-01,TAS,2440
2003-04-01,Total,321510
2003-04-01,VIC,51400
2003-04-01,WA,32710
2003-05-01,ACT,2260
2003-05-01,NSW,102650
2003-05-01,NT,4620
2003-05-01,QLD,79590
2003-05-01,SA,5220
2003-05-01,TAS,1440
2003-05-01,Total,260900
2003-05-01,VIC,40130
2003-05-01,WA,24990
2003-06-01,ACT,2840
2003-06-01,NSW,116150
2003-06-01,NT,4470
2003-06-01,QLD,99630
2003-06-01,SA,6110
2003-06-01,TAS,1450
2003-06-01,Total,308270
2003-06-01,VIC,49120
2003-06-01,WA,28450
2003-07-01,ACT,4560
2003-07-01,NSW,163600
2003-07-01,NT,5390
2003-07-01,QLD,131360
2003-07-01,SA,10140
2003-07-01,TAS,1310
2003-07-01,Total,415510
2003-07-01,VIC,63160
2003-07-01,WA,35980
2003-08-01,ACT,3040
2003-08-01,NSW,138100
2003-08-01,NT,5060
2003-08-01,QLD,121170
2003-08-01,SA,7880
2003-08-01,TAS,1580
2003-08-01,Total,362250
2003-08-01,VIC,52890
2003-08-01,WA,32510
2003-09-01,ACT,3360
2003-09-01,NSW,147840
2003-09-01,NT,5000
2003-09-01,QLD,119910
2003-09-01,SA,8510
2003-09-01,TAS,2220
2003-09-01,Total,385600
2003-09-01,VIC,57630
2003-09-01,WA,41130
2003-10-01,ACT,4910
2003-10-01,NSW,167670
2003-10-01,NT,4790
2003-10-01,QLD,123400
2003-10-01,SA,9900
2003-10-01,TAS,2360
2003-10-01,Total,435330
2003-10-01,VIC,73630
2003-10-01,WA,48570
2003-11-01,ACT,4270
2003-11-01,NSW,195020
2003-11-01,NT,3780
2003-11-01,QLD,127950
2003-11-01,SA,10310
2003-11-01,TAS,3810
2003-11-01,Total,473280
2003-11-01,VIC,83350
2003-11-01,WA,44670
2003-12-01,ACT,5670
2003-12-01,NSW,229690
2003-12-01,NT,3840
2003-12-01,QLD,142290
2003-12-01,SA,15220
2003-12-01,TAS,5970
2003-12-01,Total,566600
2003-12-01,VIC,104110
2003-12-01,WA,59430
2004-01-01,ACT,4550
2004-01-01,NSW,165800
2004-01-01,NT,3310
2004-01-01,QLD,117420
2004-01-01,SA,10870
2004-01-01,TAS,4390
2004-01-01,Total,420170
2004-01-01,VIC,74140
2004-01-01,WA,39680
2004-02-01,ACT,5690
2004-02-01,NSW,183590
2004-02-01,NT,3380
2004-02-01,QLD,113410
2004-02-01,SA,12730
2004-02-01,TAS,6580
2004-02-01,Total,454820
2004-02-01,VIC,86430
2004-02-01,WA,43010
2004-03-01,ACT,4290
2004-03-01,NSW,168630
2004-03-01,NT,3180
2004-03-01,QLD,114230
2004-03-01,SA,12000
2004-03-01,TAS,3520
2004-03-01,Total,432280
2004-03-01,VIC,83340
2004-03-01,WA,43070
2004-04-01,ACT,4870
2004-04-01,NSW,157720
2004-04-01,NT,3060
2004-04-01,QLD,115940
2004-04-01,SA,10770
2004-04-01,TAS,2240
2004-04-01,Total,402790
2004-04-01,VIC,69800
2004-04-01,WA,38390
2004-05-01,ACT,3430
2004-05-01,NSW,134780
2004-05-01,NT,4750
2004-05-01,QLD,106560
2004-05-01,SA,7090
2004-05-01,TAS,1390
2004-05-01,Total,341260
2004-05-01,VIC,55640
2004-05-01,WA,27610
2004-06-01,ACT,3740
2004-06-01,NSW,133860
2004-06-01,NT,5310
2004-06-01,QLD,127730
2004-06-01,SA,5910
2004-06-01,TAS,1450
2004-06-01,Total,367280
2004-06-01,VIC,59830
2004-06-01,WA,29430
2004-07-01,ACT,5140
2004-07-01,NSW,171830
2004-07-01,NT,6530
2004-07-01,QLD,158110
2004-07-01,SA,11090
2004-07-01,TAS,1900
2004-07-01,Total,467550
2004-07-01,VIC,77410
2004-07-01,WA,35550
2004-08-01,ACT,3260
2004-08-01,NSW,153030
2004-08-01,NT,6810
2004-08-01,QLD,137040
2004-08-01,SA,7960
2004-08-01,TAS,1460
2004-08-01,Total,403060
2004-08-01,VIC,61030
2004-08-01,WA,32460
2004-09-01,ACT,3730
2004-09-01,NSW,143770
2004-09-01,NT,6850
2004-09-01,QLD,132640
2004-09-01,SA,8490
2004-09-01,TAS,1770
2004-09-01,Total,393510
2004-09-01,VIC,60610
2004-09-01,WA,35660
2004-10-01,ACT,3580
2004-10-01,NSW,170030
2004-10-01,NT,5900
2004-10-01,QLD,136120
2004-10-01,SA,10220
2004-10-01,TAS,2170
2004-10-01,Total,447380
2004-10-01,VIC,77520
2004-10-01,WA,41830
2004-11-01,ACT,3370
2004-11-01,NSW,184890
2004-11-01,NT,4090
2004-11-01,QLD,134390
2004-11-01,SA,10440
2004-11-01,TAS,3250
2004-11-01,Total,478020
2004-11-01,VIC,88740
2004-11-01,WA,48850
2004-12-01,ACT,5660
2004-12-01,NSW,235480
2004-12-01,NT,3210
2004-12-01,QLD,153380
2004-12-01,SA,17510
2004-12-01,TAS,5410
2004-12-01,Total,591390
2004-12-01,VIC,108300
2004-12-01,WA,62440
2005-01-01,ACT,3860
2005-01-01,NSW,193910
2005-01-01,NT,3630
2005-01-01,QLD,118720
2005-01-01,SA,10600
2005-01-01,TAS,3170
2005-01-01,Total,456920
2005-01-01,VIC,83440
2005-01-01,WA,39560
2005-02-01,ACT,4950
2005-02-01,NSW,201750
2005-02-01,NT,2880
2005-02-01,QLD,123730
2005-02-01,SA,13190
2005-02-01,TAS,4520
2005-02-01,Total,498780
2005-02-01,VIC,99010
2005-02-01,WA,48760
2005-03-01,ACT,4120
2005-03-01,NSW,201640
2005-03-01,NT,3150
2005-03-01,QLD,130010
2005-03-01,SA,13270
2005-03-01,TAS,3260
2005-03-01,Total,502090
2005-03-01,VIC,94600
2005-03-01,WA,52030
2005-04-01,ACT,4210
2005-04-01,NSW,163380
2005-04-01,NT,3330
2005-04-01,QLD,117000
2005-04-01,SA,9840
2005-04-01,TAS,2240
2005-04-01,Total,406580
2005-04-01,VIC,69920
2005-04-01,WA,36660
2005-05-01,ACT,2720
2005-05-01,NSW,134080
2005-05-01,NT,5840
2005-05-01,QLD,108240
2005-05-01,SA,8210
2005-05-01,TAS,1470
2005-05-01,Total,351290
2005-05-01,VIC,58870
2005-05-01,WA,31850
2005-06-01,ACT,2940
2005-06-01,NSW,141600
2005-06-01,NT,4450
2005-06-01,QLD,128540
2005-06-01,SA,7020
2005-06-01,TAS,1240
2005-06-01,Total,377010
2005-06-01,VIC,58530
2005-06-01,WA,32700
2005-07-01,ACT,3940
2005-07-01,NSW,189340
2005-07-01,NT,6370
2005-07-01,QLD,169640
2005-07-01,SA,11510
2005-07-01,TAS,2210
2005-07-01,Total,497040
2005-07-01,VIC,78380
2005-07-01,WA,35660
2005-08-01,ACT,2990
2005-08-01,NSW,162740
2005-08-01,NT,6510
2005-08-01,QLD,147330
2005-08-01,SA,8320
2005-08-01,TAS,1320
2005-08-01,Total,429260
2005-08-01,VIC,66630
2005-08-01,WA,33420
2005-09-01,ACT,3910
2005-09-01,NSW,155720
2005-09-01,NT,5880
2005-09-01,QLD,134860
2005-09-01,SA,9950
2005-09-01,TAS,1760
2005-09-01,Total,412070
2005-09-01,VIC,61210
2005-09-01,WA,38770
2005-10-01,ACT,3740
2005-10-01,NSW,175440
2005-10-01,NT,5040
2005-10-01,QLD,136840
2005-10-01,SA,10260
2005-10-01,TAS,2430
2005-10-01,Total,461870
2005-10-01,VIC,82660
2005-10-01,WA,45460
2005-11-01,ACT,3630
2005-11-01,NSW,184280
2005-11-01,NT,4200
2005-11-01,QLD,129270
2005-11-01,SA,10440
2005-11-01,TAS,3250
2005-11-01,Total,470670
2005-11-01,VIC,89110
2005-11-01,WA,46470
2005-12-01,ACT,5150
2005-12-01,NSW,237650
2005-12-01,NT,4330
2005-12-01,QLD,151570
2005-12-01,SA,17360
2005-12-01,TAS,5210
2005-12-01,Total,599250
2005-12-01,VIC,113550
2005-12-01,WA,64430
2006-01-01,ACT,3660
2006-01-01,NSW,183220
2006-01-01,NT,3530
2006-01-01,QLD,121930
2006-01-01,SA,10990
2006-01-01,TAS,4470
2006-01-01,Total,461400
2006-01-01,VIC,89970
2006-01-01,WA,43620
2006-02-01,ACT,4890
2006-02-01,NSW,199280
2006-02-01,NT,2800
2006-02-01,QLD,116970
2006-02-01,SA,15080
2006-02-01,TAS,4970
2006-02-01,Total,485000
2006-02-01,VIC,94720
2006-02-01,WA,46290
2006-03-01,ACT,3850
2006-03-01,NSW,186520
2006-03-01,NT,3770
2006-03-01,QLD,121600
2006-03-01,SA,14640
2006-03-01,TAS,4050
2006-03-01,Total,473440
2006-03-01,VIC,94890
2006-03-01,WA,44130
2006-04-01,ACT,3470
2006-04-01,NSW,174950
2006-04-01,NT,4590
2006-04-01,QLD,120540
2006-04-01,SA,11570
2006-04-01,TAS,2670
2006-04-01,Total,435040
2006-04-01,VIC,76970
2006-04-01,WA,40270
2006-05-01,ACT,2660
2006-05-01,NSW,131030
2006-05-01,NT,5210
2006-05-01,QLD,106050
2006-05-01,SA,8520
2006-05-01,TAS,1350
2006-05-01,Total,342940
2006-05-01,VIC,59980
2006-05-01,WA,28130
2006-06-01,ACT,3550
2006-06-01,NSW,139550
2006-06-01,NT,4510
2006-06-01,QLD,130580
2006-06-01,SA,8360
2006-06-01,TAS,1730
2006-06-01,Total,379660
2006-06-01,VIC,61530
2006-06-01,WA,29850
2006-07-01,ACT,4880
2006-07-01,NSW,180390
2006-07-01,NT,7270
2006-07-01,QLD,159900
2006-07-01,SA,12250
2006-07-01,TAS,2090
2006-07-01,Total,478190
2006-07-01,VIC,75910
2006-07-01,WA,35510
2006-08-01,ACT,2910
2006-08-01,NSW,153620
2006-08-01,NT,7400
2006-08-01,QLD,136790
2006-08-01,SA,10430
2006-08-01,TAS,1960
2006-08-01,Total,410200
2006-08-01,VIC,65270
2006-08-01,WA,31820
2006-09-01,ACT,3590
2006-09-01,NSW,155370
2006-09-01,NT,5530
2006-09-01,QLD,143670
2006-09-01,SA,10010
2006-09-01,TAS,1820
2006-09-01,Total,423460
2006-09-01,VIC,69370
2006-09-01,WA,34090
2006-10-01,ACT,3840
2006-10-01,NSW,184600
2006-10-01,NT,5440
2006-10-01,QLD,134380
2006-10-01,SA,11500
2006-10-01,TAS,3230
2006-10-01,Total,472930
2006-10-01,VIC,81860
2006-10-01,WA,48050
2006-11-01,ACT,5220
2006-11-01,NSW,194160
2006-11-01,NT,4440
2006-11-01,QLD,131770
2006-11-01,SA,12600
2006-11-01,TAS,3340
2006-11-01,Total,489990
2006-11-01,VIC,89920
2006-11-01,WA,48530
2006-12-01,ACT,5300
2006-12-01,NSW,250830
2006-12-01,NT,3300
2006-12-01,QLD,152070
2006-12-01,SA,21490
2006-12-01,TAS,5480
2006-12-01,Total,640870
2006-12-01,VIC,128030
2006-12-01,WA,74350
2007-01-01,ACT,4280
2007-01-01,NSW,184170
2007-01-01,NT,3210
2007-01-01,QLD,112290
2007-01-01,SA,13340
2007-01-01,TAS,4080
2007-01-01,Total,451030
2007-01-01,VIC,86480
2007-01-01,WA,43150
2007-02-01,ACT,4890
2007-02-01,NSW,207050
2007-02-01,NT,3570
2007-02-01,QLD,120330
2007-02-01,SA,16070
2007-02-01,TAS,5300
2007-02-01,Total,510170
2007-02-01,VIC,101570
2007-02-01,WA,51400
2007-03-01,ACT,4180
2007-03-01,NSW,207800
2007-03-01,NT,3790
2007-03-01,QLD,125380
2007-03-01,SA,21450
2007-03-01,TAS,3960
2007-03-01,Total,520020
2007-03-01,VIC,102970
2007-03-01,WA,50500
2007-04-01,ACT,3980
2007-04-01,NSW,174790
2007-04-01,NT,4250
2007-04-01,QLD,116730
2007-04-01,SA,12230
2007-04-01,TAS,2090
2007-04-01,Total,434940
2007-04-01,VIC,77330
2007-04-01,WA,43550
2007-05-01,ACT,2900
2007-05-01,NSW,139620
2007-05-01,NT,6620
2007-05-01,QLD,106120
2007-05-01,SA,8210
2007-05-01,TAS,1560
2007-05-01,Total,364730
2007-05-01,VIC,66720
2007-05-01,WA,32990
2007-06-01,ACT,2780
2007-06-01,NSW,146460
2007-06-01,NT,4700
2007-06-01,QLD,131890
2007-06-01,SA,7920
2007-06-01,TAS,1670
2007-06-01,Total,397960
2007-06-01,VIC,70080
2007-06-01,WA,32460
2007-07-01,ACT,5600
2007-07-01,NSW,181440
2007-07-01,NT,8670
2007-07-01,QLD,153830
2007-07-01,SA,13710
2007-07-01,TAS,2150
2007-07-01,Total,482790
2007-07-01,VIC,78660
2007-07-01,WA,38730
2007-08-01,ACT,3980
2007-08-01,NSW,163070
2007-08-01,NT,7800
2007-08-01,QLD,139900
2007-08-01,SA,9890
2007-08-01,TAS,1610
2007-08-01,Total,434750
2007-08-01,VIC,70250
2007-08-01,WA,38250
2007-09-01,ACT,4170
2007-09-01,NSW,161210
2007-09-01,NT,6760
2007-09-01,QLD,140060
2007-09-01,SA,11610
2007-09-01,TAS,2180
2007-09-01,Total,434110
2007-09-01,VIC,66300
2007-09-01,WA,41810
2007-10-01,ACT,4650
2007-10-01,NSW,175810
2007-10-01,NT,6780
2007-10-01,QLD,135910
2007-10-01,SA,13170
2007-10-01,TAS,2130
2007-10-01,Total,468840
2007-10-01,VIC,82560
2007-10-01,WA,47830
2007-11-01,ACT,5130
2007-11-01,NSW,196010
2007-11-01,NT,5160
2007-11-01,QLD,130630
2007-11-01,SA,14000
2007-11-01,TAS,3060
2007-11-01,Total,499210
2007-11-01,VIC,93610
2007-11-01,WA,51610
2007-12-01,ACT,5950
2007-12-01,NSW,243200
2007-12-01,NT,5150
2007-12-01,QLD,148830
2007-12-01,SA,19530
2007-12-01,TAS,4800
2007-12-01,Total,614830
2007-12-01,VIC,116900
2007-12-01,WA,70380
2008-01-01,ACT,4250
2008-01-01,NSW,182160
2008-01-01,NT,3770
2008-01-01,QLD,105440
2008-01-01,SA,13560
2008-01-01,TAS,3670
2008-01-01,Total,440630
2008-01-01,VIC,85100
2008-01-01,WA,42640
2008-02-01,ACT,5930
2008-02-01,NSW,226880
2008-02-01,NT,3600
2008-02-01,QLD,126730
2008-02-01,SA,16920
2008-02-01,TAS,5600
2008-02-01,Total,546410
2008-02-01,VIC,107130
2008-02-01,WA,53600
2008-03-01,ACT,5150
2008-03-01,NSW,204300
2008-03-01,NT,4070
2008-03-01,QLD,122080
2008-03-01,SA,16830
2008-03-01,TAS,3780
2008-03-01,Total,513720
2008-03-01,VIC,102600
2008-03-01,WA,54880
2008-04-01,ACT,3900
2008-04-01,NSW,166570
2008-04-01,NT,4550
2008-04-01,QLD,110660
2008-04-01,SA,12590
2008-04-01,TAS,2530
2008-04-01,Total,424310
2008-04-01,VIC,81270
2008-04-01,WA,42240
2008-05-01,ACT,3220
2008-05-01,NSW,144200
2008-05-01,NT,6990
2008-05-01,QLD,112620
2008-05-01,SA,8510
2008-05-01,TAS,1990
2008-05-01,Total,380020
2008-05-01,VIC,69490
2008-05-01,WA,33020
2008-06-01,ACT,3770
2008-06-01,NSW,138310
2008-06-01,NT,10130
2008-06-01,QLD,117720
2008-06-01,SA,9520
2008-06-01,TAS,1800
2008-06-01,Total,382460
2008-06-01,VIC,66120
2008-06-01,WA,35090
2008-07-01,ACT,6430
2008-07-01,NSW,217450
2008-07-01,NT,11190
2008-07-01,QLD,149300
2008-07-01,SA,13650
2008-07-01,TAS,2030
2008-07-01,Total,530450
2008-07-01,VIC,90180
2008-07-01,WA,40220
2008-08-01,ACT,4600
2008-08-01,NSW,158180
2008-08-01,NT,7820
2008-08-01,QLD,131570
2008-08-01,SA,12400
2008-08-01,TAS,2180
2008-08-01,Total,418750
2008-08-01,VIC,67240
2008-08-01,WA,34770
2008-09-01,ACT,3770
2008-09-01,NSW,146090
2008-09-01,NT,7440
2008-09-01,QLD,123350
2008-09-01,SA,10370
2008-09-01,TAS,1920
2008-09-01,Total,400010
2008-09-01,VIC,67740
2008-09-01,WA,39330
2008-10-01,ACT,4630
2008-10-01,NSW,166460
2008-10-01,NT,5810
2008-10-01,QLD,139450
2008-10-01,SA,12190
2008-10-01,TAS,2340
2008-10-01,Total,455740
2008-10-01,VIC,80090
2008-10-01,WA,44770
2008-11-01,ACT,5730
2008-11-01,NSW,178360
2008-11-01,NT,6960
2008-11-01,QLD,120880
2008-11-01,SA,13150
2008-11-01,TAS,3380
2008-11-01,Total,470350
2008-11-01,VIC,93140
2008-11-01,WA,48730
2008-12-01,ACT,5520
2008-12-01,NSW,241970
2008-12-01,NT,5150
2008-12-01,QLD,141350
2008-12-01,SA,18170
2008-12-01,TAS,5840
2008-12-01,Total,611800
2008-12-01,VIC,124840
2008-12-01,WA,68970
2009-01-01,ACT,4780
2009-01-01,NSW,181760
2009-01-01,NT,3880
2009-01-01,QLD,105990
2009-01-01,SA,13370
2009-01-01,TAS,4570
2009-01-01,Total,451880
2009-01-01,VIC,90440
2009-01-01,WA,47110
2009-02-01,ACT,6920
2009-02-01,NSW,203630
2009-02-01,NT,4110
2009-02-01,QLD,107680
2009-02-01,SA,16660
2009-02-01,TAS,5000
2009-02-01,Total,501770
2009-02-01,VIC,105170
2009-02-01,WA,52590
2009-03-01,ACT,4610
2009-03-01,NSW,190670
2009-03-01,NT,3860
2009-03-01,QLD,112120
2009-03-01,SA,15210
2009-03-01,TAS,4580
2009-03-01,Total,486840
2009-03-01,VIC,102640
2009-03-01,WA,53130
2009-04-01,ACT,4340
2009-04-01,NSW,177100
2009-04-01,NT,5290
2009-04-01,QLD,116040
2009-04-01,SA,11870
2009-04-01,TAS,3130
2009-04-01,Total,452830
2009-04-01,VIC,88290
2009-04-01,WA,46780
2009-05-01,ACT,3560
2009-05-01,NSW,136490
2009-05-01,NT,7000
2009-05-01,QLD,105920
2009-05-01,SA,9380
2009-05-01,TAS,1970
2009-05-01,Total,372920
2009-05-01,VIC,70830
2009-05-01,WA,37780
2009-06-01,ACT,3880
2009-06-01,NSW,128640
2009-06-01,NT,6930
2009-06-01,QLD,108070
2009-06-01,SA,9270
2009-06-01,TAS,1650
2009-06-01,Total,362280
2009-06-01,VIC,66130
2009-06-01,WA,37710
2009-07-01,ACT,5940
2009-07-01,NSW,164190
2009-07-01,NT,12080
2009-07-01,QLD,135840
2009-07-01,SA,14230
2009-07-01,TAS,1840
2009-07-01,Total,458960
2009-07-01,VIC,82930
2009-07-01,WA,41910
2009-08-01,ACT,4360
2009-08-01,NSW,156840
2009-08-01,NT,7360
2009-08-01,QLD,123710
2009-08-01,SA,9460
2009-08-01,TAS,1890
2009-08-01,Total,413160
2009-08-01,VIC,71940
2009-08-01,WA,37590
2009-09-01,ACT,4540
2009-09-01,NSW,157060
2009-09-01,NT,7490
2009-09-01,QLD,128250
2009-09-01,SA,12500
2009-09-01,TAS,2370
2009-09-01,Total,437290
2009-09-01,VIC,76720
2009-09-01,WA,48360
2009-10-01,ACT,4200
2009-10-01,NSW,183700
2009-10-01,NT,6250
2009-10-01,QLD,138330
2009-10-01,SA,12310
2009-10-01,TAS,2720
2009-10-01,Total,484820
2009-10-01,VIC,90440
2009-10-01,WA,46880
2009-11-01,ACT,5170
2009-11-01,NSW,181810
2009-11-01,NT,5310
2009-11-01,QLD,124050
2009-11-01,SA,14130
2009-11-01,TAS,2880
2009-11-01,Total,485250
2009-11-01,VIC,96670
2009-11-01,WA,55210
2009-12-01,ACT,5800
2009-12-01,NSW,259890
2009-12-01,NT,4970
2009-12-01,QLD,142670
2009-12-01,SA,20110
2009-12-01,TAS,5630
2009-12-01,Total,649360
2009-12-01,VIC,139620
2009-12-01,WA,70670
2010-01-01,ACT,5400
2010-01-01,NSW,184810
2010-01-01,NT,3920
2010-01-01,QLD,99120
2010-01-01,SA,12670
2010-01-01,TAS,3610
2010-01-01,Total,448710
2010-01-01,VIC,93510
2010-01-01,WA,45680
2010-02-01,ACT,7320
2010-02-01,NSW,224490
2010-02-01,NT,4640
2010-02-01,QLD,122950
2010-02-01,SA,17400
2010-02-01,TAS,5620
2010-02-01,Total,560130
2010-02-01,VIC,122730
2010-02-01,WA,54970
2010-03-01,ACT,5660
2010-03-01,NSW,204450
2010-03-01,NT,4030
2010-03-01,QLD,120730
2010-03-01,SA,17700
2010-03-01,TAS,4300
2010-03-01,Total,526330
2010-03-01,VIC,112440
2010-03-01,WA,57020
2010-04-01,ACT,4120
2010-04-01,NSW,165850
2010-04-01,NT,5010
2010-04-01,QLD,106910
2010-04-01,SA,13910
2010-04-01,TAS,2190
2010-04-01,Total,428900
2010-04-01,VIC,85570
2010-04-01,WA,45310
2010-05-01,ACT,3630
2010-05-01,NSW,144250
2010-05-01,NT,5750
2010-05-01,QLD,96990
2010-05-01,SA,9780
2010-05-01,TAS,1920
2010-05-01,Total,374960
2010-05-01,VIC,75900
2010-05-01,WA,36720
2010-06-01,ACT,4130
2010-06-01,NSW,144480
2010-06-01,NT,5770
2010-06-01,QLD,117670
2010-06-01,SA,10340
2010-06-01,TAS,1930
2010-06-01,Total,403700
2010-06-01,VIC,79790
2010-06-01,WA,39580
2010-07-01,ACT,6270
2010-07-01,NSW,182360
2010-07-01,NT,8320
2010-07-01,QLD,154640
2010-07-01,SA,14590
2010-07-01,TAS,2430
2010-07-01,Total,510930
2010-07-01,VIC,99920
2010-07-01,WA,42390
2010-08-01,ACT,5140
2010-08-01,NSW,166860
2010-08-01,NT,8960
2010-08-01,QLD,131470
2010-08-01,SA,10270
2010-08-01,TAS,1610
2010-08-01,Total,451310
2010-08-01,VIC,86850
2010-08-01,WA,40130
2010-09-01,ACT,3960
2010-09-01,NSW,173780
2010-09-01,NT,6400
2010-09-01,QLD,132320
2010-09-01,SA,11820
2010-09-01,TAS,2250
2010-09-01,Total,475680
2010-09-01,VIC,93410
2010-09-01,WA,51750
2010-10-01,ACT,5490
2010-10-01,NSW,184540
2010-10-01,NT,5790
2010-10-01,QLD,130130
2010-10-01,SA,12260
2010-10-01,TAS,2810
2010-10-01,Total,494460
2010-10-01,VIC,103230
2010-10-01,WA,50220
2010-11-01,ACT,4670
2010-11-01,NSW,194320
2010-11-01,NT,4460
2010-11-01,QLD,126890
2010-11-01,SA,14060
2010-11-01,TAS,3450
2010-11-01,Total,518090
2010-11-01,VIC,113810
2010-11-01,WA,56440
2010-12-01,ACT,5750
2010-12-01,NSW,265450
2010-12-01,NT,4650
2010-12-01,QLD,147690
2010-12-01,SA,20140
2010-12-01,TAS,6100
2010-12-01,Total,678360
2010-12-01,VIC,152220
2010-12-01,WA,76360
2011-01-01,ACT,4100
2011-01-01,NSW,196020
2011-01-01,NT,3690
2011-01-01,QLD,96150
2011-01-01,SA,13210
2011-01-01,TAS,4380
2011-01-01,Total,473780
2011-01-01,VIC,107630
2011-01-01,WA,48600
2011-02-01,ACT,6830
2011-02-01,NSW,225040
2011-02-01,NT,4430
2011-02-01,QLD,111790
2011-02-01,SA,17940
2011-02-01,TAS,5910
2011-02-01,Total,565140
2011-02-01,VIC,132050
2011-02-01,WA,61160
2011-03-01,ACT,4940
2011-03-01,NSW,196410
2011-03-01,NT,5450
2011-03-01,QLD,102840
2011-03-01,SA,15560
2011-03-01,TAS,3360
2011-03-01,Total,500100
2011-03-01,VIC,116170
2011-03-01,WA,55360
2011-04-01,ACT,4500
2011-04-01,NSW,175120
2011-04-01,NT,5090
2011-04-01,QLD,107820
2011-04-01,SA,15090
2011-04-01,TAS,2870
2011-04-01,Total,460320
2011-04-01,VIC,97950
2011-04-01,WA,51890
2011-05-01,ACT,3670
2011-05-01,NSW,141050
2011-05-01,NT,6300
2011-05-01,QLD,100180
2011-05-01,SA,8570
2011-05-01,TAS,2000
2011-05-01,Total,384520
2011-05-01,VIC,83580
2011-05-01,WA,39160
2011-06-01,ACT,4210
2011-06-01,NSW,137620
2011-06-01,NT,5700
2011-06-01,QLD,106370
2011-06-01,SA,9370
2011-06-01,TAS,1670
2011-06-01,Total,387680
2011-06-01,VIC,82930
2011-06-01,WA,39800
2011-07-01,ACT,6390
2011-07-01,NSW,175730
2011-07-01,NT,11000
2011-07-01,QLD,151580
2011-07-01,SA,13340
2011-07-01,TAS,2020
2011-07-01,Total,505640
2011-07-01,VIC,100140
2011-07-01,WA,45430
2011-08-01,ACT,3880
2011-08-01,NSW,168820
2011-08-01,NT,7030
2011-08-01,QLD,133510
2011-08-01,SA,10710
2011-08-01,TAS,1630
2011-08-01,Total,467010
2011-08-01,VIC,94720
2011-08-01,WA,46720
2011-09-01,ACT,5240
2011-09-01,NSW,161770
2011-09-01,NT,5730
2011-09-01,QLD,113180
2011-09-01,SA,11590
2011-09-01,TAS,2020
2011-09-01,Total,431040
2011-09-01,VIC,83270
2011-09-01,WA,48250
2011-10-01,ACT,4930
2011-10-01,NSW,189450
2011-10-01,NT,5480
2011-10-01,QLD,130510
2011-10-01,SA,12530
2011-10-01,TAS,2880
2011-10-01,Total,499530
2011-10-01,VIC,102540
2011-10-01,WA,51200
2011-11-01,ACT,6830
2011-11-01,NSW,195730
2011-11-01,NT,5020
2011-11-01,QLD,118370
2011-11-01,SA,13310
2011-11-01,TAS,4240
2011-11-01,Total,522760
2011-11-01,VIC,118920
2011-11-01,WA,60330
2011-12-01,ACT,7260
2011-12-01,NSW,261820
2011-12-01,NT,3840
2011-12-01,QLD,145190
2011-12-01,SA,20540
2011-12-01,TAS,7380
2011-12-01,Total,674790
2011-12-01,VIC,155980
2011-12-01,WA,72770
2012-01-01,ACT,4820
2012-01-01,NSW,193270
2012-01-01,NT,4060
2012-01-01,QLD,107970
2012-01-01,SA,16600
2012-01-01,TAS,4260
2012-01-01,Total,501990
2012-01-01,VIC,117370
2012-01-01,WA,53640
2012-02-01,ACT,8100
2012-02-01,NSW,220150
2012-02-01,NT,5250
2012-02-01,QLD,111560
2012-02-01,SA,18950
2012-02-01,TAS,5730
2012-02-01,Total,565750
2012-02-01,VIC,133920
2012-02-01,WA,62100
2012-03-01,ACT,5080
2012-03-01,NSW,208720
2012-03-01,NT,5270
2012-03-01,QLD,119580
2012-03-01,SA,16080
2012-03-01,TAS,3780
2012-03-01,Total,543830
2012-03-01,VIC,125040
2012-03-01,WA,60270
2012-04-01,ACT,4760
2012-04-01,NSW,174500
2012-04-01,NT,5690
2012-04-01,QLD,109590
2012-04-01,SA,13990
2012-04-01,TAS,2520
2012-04-01,Total,465100
2012-04-01,VIC,101560
2012-04-01,WA,52470
2012-05-01,ACT,3670
2012-05-01,NSW,143040
2012-05-01,NT,6530
2012-05-01,QLD,99980
2012-05-01,SA,8720
2012-05-01,TAS,2370
2012-05-01,Total,393430
2012-05-01,VIC,87470
2012-05-01,WA,41660
2012-06-01,ACT,4340
2012-06-01,NSW,144940
2012-06-01,NT,7620
2012-06-01,QLD,122310
2012-06-01,SA,10220
2012-06-01,TAS,2400
2012-06-01,Total,420510
2012-06-01,VIC,84970
2012-06-01,WA,43730
2012-07-01,ACT,6590
2012-07-01,NSW,169360
2012-07-01,NT,11040
2012-07-01,QLD,147630
2012-07-01,SA,14090
2012-07-01,TAS,2220
2012-07-01,Total,499860
2012-07-01,VIC,103120
2012-07-01,WA,45810
2012-08-01,ACT,5180
2012-08-01,NSW,176510
2012-08-01,NT,9380
2012-08-01,QLD,139920
2012-08-01,SA,11700
2012-08-01,TAS,2320
2012-08-01,Total,498740
2012-08-01,VIC,104180
2012-08-01,WA,49540
2012-09-01,ACT,6030
2012-09-01,NSW,162790
2012-09-01,NT,7330
2012-09-01,QLD,137780
2012-09-01,SA,12420
2012-09-01,TAS,2170
2012-09-01,Total,475470
2012-09-01,VIC,94080
2012-09-01,WA,52880
2012-10-01,ACT,5690
2012-10-01,NSW,188560
2012-10-01,NT,7760
2012-10-01,QLD,136660
2012-10-01,SA,13310
2012-10-01,TAS,2890
2012-10-01,Total,521010
2012-10-01,VIC,110700
2012-10-01,WA,55440
2012-11-01,ACT,5500
2012-11-01,NSW,205910
2012-11-01,NT,7300
2012-11-01,QLD,131390
2012-11-01,SA,17190
2012-11-01,TAS,3690
2012-11-01,Total,560100
2012-11-01,VIC,125790
2012-11-01,WA,63340
2012-12-01,ACT,7920
2012-12-01,NSW,273250
2012-12-01,NT,5250
2012-12-01,QLD,153780
2012-12-01,SA,25640
2012-12-01,TAS,6910
2012-12-01,Total,721320
2012-12-01,VIC,169900
2012-12-01,WA,78660
2013-01-01,ACT,5690
2013-01-01,NSW,188870
2013-01-01,NT,4800
2013-01-01,QLD,102450
2013-01-01,SA,15230
2013-01-01,TAS,4760
2013-01-01,Total,488670
2013-01-01,VIC,111750
2013-01-01,WA,55130
2013-02-01,ACT,8170
2013-02-01,NSW,238430
2013-02-01,NT,4710
2013-02-01,QLD,128250
2013-02-01,SA,19840
2013-02-01,TAS,7270
2013-02-01,Total,616970
2013-02-01,VIC,146410
2013-02-01,WA,63900
2013-03-01,ACT,5010
2013-03-01,NSW,220950
2013-03-01,NT,6220
2013-03-01,QLD,127570
2013-03-01,SA,18750
2013-03-01,TAS,4540
2013-03-01,Total,588870
2013-03-01,VIC,139930
2013-03-01,WA,65890
2013-04-01,ACT,4420
2013-04-01,NSW,176770
2013-04-01,NT,9190
2013-04-01,QLD,103840
2013-04-01,SA,13660
2013-04-01,TAS,2710
2013-04-01,Total,461540
2013-04-01,VIC,100110
2013-04-01,WA,50830
2013-05-01,ACT,4160
2013-05-01,NSW,154600
2013-05-01,NT,6330
2013-05-01,QLD,100580
2013-05-01,SA,10070
2013-05-01,TAS,2340
2013-05-01,Total,413330
2013-05-01,VIC,90680
2013-05-01,WA,44580
2013-06-01,ACT,4510
2013-06-01,NSW,161070
2013-06-01,NT,7240
2013-06-01,QLD,123830
2013-06-01,SA,9860
2013-06-01,TAS,1620
2013-06-01,Total,447520
2013-06-01,VIC,93300
2013-06-01,WA,46090
2013-07-01,ACT,7240
2013-07-01,NSW,188040
2013-07-01,NT,7940
2013-07-01,QLD,154760
2013-07-01,SA,14400
2013-07-01,TAS,2250
2013-07-01,Total,530910
2013-07-01,VIC,109520
2013-07-01,WA,46770
2013-08-01,ACT,4780
2013-08-01,NSW,190370
2013-08-01,NT,10720
2013-08-01,QLD,142020
2013-08-01,SA,13140
2013-08-01,TAS,2030
2013-08-01,Total,529350
2013-08-01,VIC,112650
2013-08-01,WA,53620
2013-09-01,ACT,5410
2013-09-01,NSW,180970
2013-09-01,NT,7780
2013-09-01,QLD,126130
2013-09-01,SA,13340
2013-09-01,TAS,2140
2013-09-01,Total,493890
2013-09-01,VIC,103720
2013-09-01,WA,54410
2013-10-01,ACT,5350
2013-10-01,NSW,205820
2013-10-01,NT,6490
2013-10-01,QLD,137040
2013-10-01,SA,15150
2013-10-01,TAS,3020
2013-10-01,Total,542760
2013-10-01,VIC,112370
2013-10-01,WA,57510
2013-11-01,ACT,5140
2013-11-01,NSW,223960
2013-11-01,NT,4700
2013-11-01,QLD,124010
2013-11-01,SA,20150
2013-11-01,TAS,3920
2013-11-01,Total,578130
2013-11-01,VIC,133040
2013-11-01,WA,63200
2013-12-01,ACT,7690
2013-12-01,NSW,308030
2013-12-01,NT,4760
2013-12-01,QLD,155140
2013-12-01,SA,27700
2013-12-01,TAS,7460
2013-12-01,Total,789760
2013-12-01,VIC,189170
2013-12-01,WA,89800
2014-01-01,ACT,5370
2014-01-01,NSW,225950
2014-01-01,NT,4530
2014-01-01,QLD,110450
2014-01-01,SA,19380
2014-01-01,TAS,4900
2014-01-01,Total,562510
2014-01-01,VIC,132120
2014-01-01,WA,59800
2014-02-01,ACT,8280
2014-02-01,NSW,261470
2014-02-01,NT,4550
2014-02-01,QLD,121480
2014-02-01,SA,22870
2014-02-01,TAS,5590
2014-02-01,Total,637630
2014-02-01,VIC,145940
2014-02-01,WA,67450
2014-03-01,ACT,4560
2014-03-01,NSW,237870
2014-03-01,NT,5480
2014-03-01,QLD,121090
2014-03-01,SA,20610
2014-03-01,TAS,3760
2014-03-01,Total,600820
2014-03-01,VIC,141520
2014-03-01,WA,65920
2014-04-01,ACT,4280
2014-04-01,NSW,203490
2014-04-01,NT,10830
2014-04-01,QLD,114320
2014-04-01,SA,17090
2014-04-01,TAS,3230
2014-04-01,Total,528560
2014-04-01,VIC,116160
2014-04-01,WA,59140
2014-05-01,ACT,4360
2014-05-01,NSW,180320
2014-05-01,NT,6760
2014-05-01,QLD,105520
2014-05-01,SA,14050
2014-05-01,TAS,2270
2014-05-01,Total,472880
2014-05-01,VIC,111450
2014-05-01,WA,48140
2014-06-01,ACT,4220
2014-06-01,NSW,166080
2014-06-01,NT,8070
2014-06-01,QLD,114400
2014-06-01,SA,13300
2014-06-01,TAS,1500
2014-06-01,Total,457900
2014-06-01,VIC,101000
2014-06-01,WA,49330
2014-07-01,ACT,6390
2014-07-01,NSW,201340
2014-07-01,NT,12140
2014-07-01,QLD,158600
2014-07-01,SA,17500
2014-07-01,TAS,2210
2014-07-01,Total,589650
2014-07-01,VIC,134700
2014-07-01,WA,56760
2014-08-01,ACT,5000
2014-08-01,NSW,194120
2014-08-01,NT,10350
2014-08-01,QLD,147500
2014-08-01,SA,14320
2014-08-01,TAS,2140
2014-08-01,Total,540910
2014-08-01,VIC,116810
2014-08-01,WA,50660
2014-09-01,ACT,5030
2014-09-01,NSW,188280
2014-09-01,NT,8580
2014-09-01,QLD,132020
2014-09-01,SA,15180
2014-09-01,TAS,1930
2014-09-01,Total,521750
2014-09-01,VIC,110730
2014-09-01,WA,60000
2014-10-01,ACT,6520
2014-10-01,NSW,210560
2014-10-01,NT,8490
2014-10-01,QLD,145290
2014-10-01,SA,17470
2014-10-01,TAS,3800
2014-10-01,Total,586680
2014-10-01,VIC,132110
2014-10-01,WA,62420
2014-11-01,ACT,6390
2014-11-01,NSW,233180
2014-11-01,NT,7680
2014-11-01,QLD,127140
2014-11-01,SA,17980
2014-11-01,TAS,6020
2014-11-01,Total,611230
2014-11-01,VIC,145420
2014-11-01,WA,67350
2014-12-01,ACT,9040
2014-12-01,NSW,314940
2014-12-01,NT,4480
2014-12-01,QLD,162020
2014-12-01,SA,27970
2014-12-01,TAS,9010
2014-12-01,Total,811830
2014-12-01,VIC,195610
2014-12-01,WA,88740
2015-01-01,ACT,5980
2015-01-01,NSW,214350
2015-01-01,NT,3960
2015-01-01,QLD,106810
2015-01-01,SA,18480
2015-01-01,TAS,4960
2015-01-01,Total,547430
2015-01-01,VIC,137520
2015-01-01,WA,55370
2015-02-01,ACT,9270
2015-02-01,NSW,281790
2015-02-01,NT,5250
2015-02-01,QLD,136820
2015-02-01,SA,25260
2015-02-01,TAS,7060
2015-02-01,Total,726060
2015-02-01,VIC,189010
2015-02-01,WA,71600
2015-03-01,ACT,6520
2015-03-01,NSW,265090
2015-03-01,NT,5540
2015-03-01,QLD,133500
2015-03-01,SA,21430
2015-03-01,TAS,4780
2015-03-01,Total,679270
2015-03-01,VIC,172420
2015-03-01,WA,69950
2015-04-01,ACT,4800
2015-04-01,NSW,206130
2015-04-01,NT,11090
2015-04-01,QLD,118720
2015-04-01,SA,17510
2015-04-01,TAS,2950
2015-04-01,Total,550150
2015-04-01,VIC,129150
2015-04-01,WA,59800
2015-05-01,ACT,4260
2015-05-01,NSW,185950
2015-05-01,NT,5690
2015-05-01,QLD,111290
2015-05-01,SA,12420
2015-05-01,TAS,2400
2015-05-01,Total,485660
2015-05-01,VIC,114570
2015-05-01,WA,49060
2015-06-01,ACT,4910
2015-06-01,NSW,171900
2015-06-01,NT,13620
2015-06-01,QLD,120410
2015-06-01,SA,10270
2015-06-01,TAS,2310
2015-06-01,Total,488150
2015-06-01,VIC,113940
2015-06-01,WA,50790
2015-07-01,ACT,7900
2015-07-01,NSW,214220
2015-07-01,NT,12130
2015-07-01,QLD,174460
2015-07-01,SA,16930
2015-07-01,TAS,3320
2015-07-01,Total,628270
2015-07-01,VIC,140420
2015-07-01,WA,58880
2015-08-01,ACT,4740
2015-08-01,NSW,213400
2015-08-01,NT,8210
2015-08-01,QLD,146490
2015-08-01,SA,13730
2015-08-01,TAS,2640
2015-08-01,Total,574140
2015-08-01,VIC,129560
2015-08-01,WA,55360
2015-09-01,ACT,4980
2015-09-01,NSW,204230
2015-09-01,NT,6980
2015-09-01,QLD,146070
2015-09-01,SA,13790
2015-09-01,TAS,2910
2015-09-01,Total,571990
2015-09-01,VIC,130300
2015-09-01,WA,62750
2015-10-01,ACT,6100
2015-10-01,NSW,226460
2015-10-01,NT,6690
2015-10-01,QLD,151540
2015-10-01,SA,15970
2015-10-01,TAS,3950
2015-10-01,Total,625800
2015-10-01,VIC,152620
2015-10-01,WA,62470
2015-11-01,ACT,6320
2015-11-01,NSW,251080
2015-11-01,NT,5830
2015-11-01,QLD,141970
2015-11-01,SA,17850
2015-11-01,TAS,6060
2015-11-01,Total,671540
2015-11-01,VIC,169380
2015-11-01,WA,73050
2015-12-01,ACT,7750
2015-12-01,NSW,350330
2015-12-01,NT,4060
2015-12-01,QLD,176140
2015-12-01,SA,27090
2015-12-01,TAS,9240
2015-12-01,Total,901320
2015-12-01,VIC,231930
2015-12-01,WA,94760
2016-01-01,ACT,5180
2016-01-01,NSW,245020
2016-01-01,NT,3590
2016-01-01,QLD,123610
2016-01-01,SA,16530
2016-01-01,TAS,5550
2016-01-01,Total,617670
2016-01-01,VIC,162400
2016-01-01,WA,55790
2016-02-01,ACT,8980
2016-02-01,NSW,316290
2016-02-01,NT,4700
2016-02-01,QLD,148240
2016-02-01,SA,22590
2016-02-01,TAS,7610
2016-02-01,Total,798610
2016-02-01,VIC,209120
2016-02-01,WA,81070
2016-03-01,ACT,7590
2016-03-01,NSW,298660
2016-03-01,NT,5270
2016-03-01,QLD,153120
2016-03-01,SA,21540
2016-03-01,TAS,5400
2016-03-01,Total,757350
2016-03-01,VIC,187650
2016-03-01,WA,78120
2016-04-01,ACT,5720
2016-04-01,NSW,235320
2016-04-01,NT,8270
2016-04-01,QLD,131910
2016-04-01,SA,15610
2016-04-01,TAS,3500
2016-04-01,Total,610500
2016-04-01,VIC,146960
2016-04-01,WA,63200
2016-05-01,ACT,4050
2016-05-01,NSW,204520
2016-05-01,NT,5530
2016-05-01,QLD,122980
2016-05-01,SA,12290
2016-05-01,TAS,2830
2016-05-01,Total,541280
2016-05-01,VIC,132470
2016-05-01,WA,56600
2016-06-01,ACT,4510
2016-06-01,NSW,199940
2016-06-01,NT,6120
2016-06-01,QLD,136350
2016-06-01,SA,12420
2016-06-01,TAS,3160
2016-06-01,Total,555070
2016-06-01,VIC,134940
2016-06-01,WA,57630
2016-07-01,ACT,8790
2016-07-01,NSW,248040
2016-07-01,NT,13540
2016-07-01,QLD,184900
2016-07-01,SA,19640
2016-07-01,TAS,4160
2016-07-01,Total,715780
2016-07-01,VIC,168990
2016-07-01,WA,67730
2016-08-01,ACT,4210
2016-08-01,NSW,233070
2016-08-01,NT,9470
2016-08-01,QLD,161530
2016-08-01,SA,14390
2016-08-01,TAS,3120
2016-08-01,Total,632140
2016-08-01,VIC,147170
2016-08-01,WA,59170
2016-09-01,ACT,5950
2016-09-01,NSW,231420
2016-09-01,NT,8440
2016-09-01,QLD,163710
2016-09-01,SA,16830
2016-09-01,TAS,3310
2016-09-01,Total,647040
2016-09-01,VIC,145180
2016-09-01,WA,72190
2016-10-01,ACT,6770
2016-10-01,NSW,249410
2016-10-01,NT,7200
2016-10-01,QLD,169250
2016-10-01,SA,17820
2016-10-01,TAS,4220
2016-10-01,Total,695920
2016-10-01,VIC,169770
2016-10-01,WA,71470
2016-11-01,ACT,6690
2016-11-01,NSW,280130
2016-11-01,NT,5440
2016-11-01,QLD,145220
2016-11-01,SA,18310
2016-11-01,TAS,6900
2016-11-01,Total,721830
2016-11-01,VIC,181350
2016-11-01,WA,77780
2016-12-01,ACT,9810
2016-12-01,NSW,377470
2016-12-01,NT,5960
2016-12-01,QLD,185360
2016-12-01,SA,29220
2016-12-01,TAS,10760
2016-12-01,Total,976150
2016-12-01,VIC,254120
2016-12-01,WA,103400
2017-01-01,ACT,6620
2017-01-01,NSW,297840
2017-01-01,NT,4080
2017-01-01,QLD,133540
2017-01-01,SA,20230
2017-01-01,TAS,7090
2017-01-01,Total,723990
2017-01-01,VIC,190760
2017-01-01,WA,63790
2017-02-01,ACT,10340
2017-02-01,NSW,313880
2017-02-01,NT,6620
2017-02-01,QLD,141680
2017-02-01,SA,25050
2017-02-01,TAS,7440
2017-02-01,Total,787580
2017-02-01,VIC,206910
2017-02-01,WA,75650
2017-03-01,ACT,6860
2017-03-01,NSW,305540
2017-03-01,NT,5670
2017-03-01,QLD,152560
2017-03-01,SA,22410
2017-03-01,TAS,6020
2017-03-01,Total,772230
2017-03-01,VIC,194860
2017-03-01,WA,78240
2017-04-01,ACT,7170
2017-04-01,NSW,275910
2017-04-01,NT,8150
2017-04-01,QLD,144470
2017-04-01,SA,17440
2017-04-01,TAS,4700
2017-04-01,Total,700010
2017-04-01,VIC,171090
2017-04-01,WA,71030
2017-05-01,ACT,4390
2017-05-01,NSW,222860
2017-05-01,NT,7280
2017-05-01,QLD,128360
2017-05-01,SA,13020
2017-05-01,TAS,3450
2017-05-01,Total,579090
2017-05-01,VIC,140710
2017-05-01,WA,58990
2017-06-01,ACT,6610
2017-06-01,NSW,221400
2017-06-01,NT,9840
2017-06-01,QLD,139920
2017-06-01,SA,14080
2017-06-01,TAS,3890
2017-06-01,Total,606010
2017-06-01,VIC,148840
2017-06-01,WA,61400
2017-07-01,ACT,10620
2017-07-01,NSW,269510
2017-07-01,NT,10020
2017-07-01,QLD,194860
2017-07-01,SA,20690
2017-07-01,TAS,5430
2017-07-01,Total,746410
2017-07-01,VIC,173800
2017-07-01,WA,61460
2017-08-01,ACT,7430
2017-08-01,NSW,257000
2017-08-01,NT,8960
2017-08-01,QLD,172140
2017-08-01,SA,17850
2017-08-01,TAS,4700
2017-08-01,Total,702900
2017-08-01,VIC,170040
2017-08-01,WA,64730
2017-09-01,ACT,7460
2017-09-01,NSW,247690
2017-09-01,NT,8250
2017-09-01,QLD,158140
2017-09-01,SA,20550
2017-09-01,TAS,4920
2017-09-01,Total,663590
2017-09-01,VIC,151830
2017-09-01,WA,64720
2017-10-01,ACT,7330
2017-10-01,NSW,279160
2017-10-01,NT,8190
2017-10-01,QLD,171110
2017-10-01,SA,20190
2017-10-01,TAS,6330
2017-10-01,Total,741360
2017-10-01,VIC,177210
2017-10-01,WA,71830
2017-11-01,ACT,8170
2017-11-01,NSW,302790
2017-11-01,NT,6520
2017-11-01,QLD,154570
2017-11-01,SA,23240
2017-11-01,TAS,8560
2017-11-01,Total,777090
2017-11-01,VIC,195260
2017-11-01,WA,77960
2017-12-01,ACT,10530
2017-12-01,NSW,389480
2017-12-01,NT,4790
2017-12-01,QLD,196800
2017-12-01,SA,32460
2017-12-01,TAS,13740
2017-12-01,Total,1015040
2017-12-01,VIC,263240
2017-12-01,WA,103960
2018-01-01,ACT,8260
2018-01-01,NSW,270170
2018-01-01,NT,4200
2018-01-01,QLD,139380
2018-01-01,SA,21910
2018-01-01,TAS,7810
2018-01-01,Total,702580
2018-01-01,VIC,190960
2018-01-01,WA,59810
2018-02-01,ACT,13630
2018-02-01,NSW,360980
2018-02-01,NT,4250
2018-02-01,QLD,168500
2018-02-01,SA,29330
2018-02-01,TAS,12290
2018-02-01,Total,914530
2018-02-01,VIC,243500
2018-02-01,WA,82050
2018-03-01,ACT,8700
2018-03-01,NSW,343770
2018-03-01,NT,5280
2018-03-01,QLD,173800
2018-03-01,SA,25160
2018-03-01,TAS,9300
2018-03-01,Total,872350
2018-03-01,VIC,222700
2018-03-01,WA,83580
2018-04-01,ACT,9820
2018-04-01,NSW,258380
2018-04-01,NT,6370
2018-04-01,QLD,144960
2018-04-01,SA,20240
2018-04-01,TAS,6160
2018-04-01,Total,679780
2018-04-01,VIC,173780
2018-04-01,WA,60040
2018-05-01,ACT,7790
2018-05-01,NSW,229400
2018-05-01,NT,5520
2018-05-01,QLD,135660
2018-05-01,SA,15130
2018-05-01,TAS,4400
2018-05-01,Total,609450
2018-05-01,VIC,153190
2018-05-01,WA,58350
2018-06-01,ACT,7470
2018-06-01,NSW,229540
2018-06-01,NT,6490
2018-06-01,QLD,156160
2018-06-01,SA,14880
2018-06-01,TAS,4690
2018-06-01,Total,646650
2018-06-01,VIC,164970
2018-06-01,WA,62410
2018-07-01,ACT,12070
2018-07-01,NSW,271210
2018-07-01,NT,8860
2018-07-01,QLD,206470
2018-07-01,SA,20190
2018-07-01,TAS,5350
2018-07-01,Total,774360
2018-07-01,VIC,191350
2018-07-01,WA,58770
2018-08-01,ACT,6490
2018-08-01,NSW,264220
2018-08-01,NT,8190
2018-08-01,QLD,191630
2018-08-01,SA,18310
2018-08-01,TAS,3790
2018-08-01,Total,741710
2018-08-01,VIC,183120
2018-08-01,WA,65920
2018-09-01,ACT,7200
2018-09-01,NSW,251580
2018-09-01,NT,7010
2018-09-01,QLD,169090
2018-09-01,SA,18620
2018-09-01,TAS,4800
2018-09-01,Total,690190
2018-09-01,VIC,167310
2018-09-01,WA,64560
2018-10-01,ACT,7980
2018-10-01,NSW,283930
2018-10-01,NT,5050
2018-10-01,QLD,169300
2018-10-01,SA,20490
2018-10-01,TAS,6290
2018-10-01,Total,753960
2018-10-01,VIC,190240
2018-10-01,WA,70660
2018-11-01,ACT,9120
2018-11-01,NSW,306210
2018-11-01,NT,5560
2018-11-01,QLD,153530
2018-11-01,SA,24480
2018-11-01,TAS,9150
2018-11-01,Total,802160
2018-11-01,VIC,215210
2018-11-01,WA,78830
2018-12-01,ACT,11230
2018-12-01,NSW,403740
2018-12-01,NT,5540
2018-12-01,QLD,204530
2018-12-01,SA,31490
2018-12-01,TAS,14550
2018-12-01,Total,1057900
2018-12-01,VIC,282610
2018-12-01,WA,104110
2019-01-01,ACT,8030
2019-01-01,NSW,282660
2019-01-01,NT,3420
2019-01-01,QLD,141460
2019-01-01,SA,22480
2019-01-01,TAS,8540
2019-01-01,Total,731130
2019-01-01,VIC,205580
2019-01-01,WA,58910
2019-02-01,ACT,14420
2019-02-01,NSW,357420
2019-02-01,NT,5110
2019-02-01,QLD,165280
2019-02-01,SA,30240
2019-02-01,TAS,13270
2019-02-01,Total,927240
2019-02-01,VIC,259060
2019-02-01,WA,82460
2019-03-01,ACT,8280
2019-03-01,NSW,314010
2019-03-01,NT,4920
2019-03-01,QLD,166420
2019-03-01,SA,24700
2019-03-01,TAS,8730
2019-03-01,Total,836350
2019-03-01,VIC,234430
2019-03-01,WA,74810
2019-04-01,ACT,7220
2019-04-01,NSW,267170
2019-04-01,NT,7250
2019-04-01,QLD,148810
2019-04-01,SA,20480
2019-04-01,TAS,6540
2019-04-01,Total,700370
2019-04-01,VIC,180000
2019-04-01,WA,62860
2019-05-01,ACT,6140
2019-05-01,NSW,251990
2019-05-01,NT,6060
2019-05-01,QLD,144290
2019-05-01,SA,17540
2019-05-01,TAS,4640
2019-05-01,Total,668280
2019-05-01,VIC,176510
2019-05-01,WA,61100
2019-06-01,ACT,6960
2019-06-01,NSW,235050
2019-06-01,NT,7070
2019-06-01,QLD,156510
2019-06-01,SA,16450
2019-06-01,TAS,4540
2019-06-01,Total,660340
2019-06-01,VIC,170790
2019-06-01,WA,62950
2019-07-01,ACT,11130
2019-07-01,NSW,268050
2019-07-01,NT,9460
2019-07-01,QLD,206910
2019-07-01,SA,21950
2019-07-01,TAS,5670
2019-07-01,Total,790380
2019-07-01,VIC,201930
2019-07-01,WA,65260
2019-08-01,ACT,8000
2019-08-01,NSW,282800
2019-08-01,NT,8820
2019-08-01,QLD,194200
2019-08-01,SA,19450
2019-08-01,TAS,5950
2019-08-01,Total,789200
2019-08-01,VIC,196970
2019-08-01,WA,72990
2019-09-01,ACT,8460
2019-09-01,NSW,251730
2019-09-01,NT,8450
2019-09-01,QLD,160010
2019-09-01,SA,22780
2019-09-01,TAS,5130
2019-09-01,Total,694960
2019-09-01,VIC,168980
2019-09-01,WA,69390
2019-10-01,ACT,8110
2019-10-01,NSW,285200
2019-10-01,NT,7460
2019-10-01,QLD,169720
2019-10-01,SA,23440
2019-10-01,TAS,6830
2019-10-01,Total,774020
2019-10-01,VIC,195580
2019-10-01,WA,77630
2019-11-01,ACT,9520
2019-11-01,NSW,298050
2019-11-01,NT,4370
2019-11-01,QLD,166020
2019-11-01,SA,23320
2019-11-01,TAS,10320
2019-11-01,Total,815910
2019-11-01,VIC,220340
2019-11-01,WA,83910
2019-12-01,ACT,12920
2019-12-01,NSW,388710
2019-12-01,NT,4480
2019-12-01,QLD,212050
2019-12-01,SA,33300
2019-12-01,TAS,14900
2019-12-01,Total,1077720
2019-12-01,VIC,299560
2019-12-01,WA,111800
2020-01-01,ACT,7020
2020-01-01,NSW,280350
2020-01-01,NT,4010
2020-01-01,QLD,148730
2020-01-01,SA,24430
2020-01-01,TAS,10450
2020-01-01,Total,766590
2020-01-01,VIC,218240
2020-01-01,WA,73320
2020-02-01,ACT,9080
2020-02-01,NSW,252660
2020-02-01,NT,4390
2020-02-01,QLD,131350
2020-02-01,SA,22070
2020-02-01,TAS,9370
2020-02-01,Total,685410
2020-02-01,VIC,181500
2020-02-01,WA,74980
2020-03-01,ACT,4700
2020-03-01,NSW,114510
2020-03-01,NT,1670
2020-03-01,QLD,62110
2020-03-01,SA,11410
2020-03-01,TAS,4310
2020-03-01,Total,331890
2020-03-01,VIC,97620
2020-03-01,WA,35490
2020-04-01,ACT,60
2020-04-01,NSW,720
2020-04-01,NT,10
2020-04-01,QLD,640
2020-04-01,SA,70
2020-04-01,TAS,10
2020-04-01,Total,2250
2020-04-01,VIC,480
2020-04-01,WA,250
2020-05-01,ACT,60
2020-05-01,NSW,1420
2020-05-01,NT,60
2020-05-01,QLD,640
2020-05-01,SA,100
2020-05-01,TAS,20
2020-05-01,Total,3440
2020-05-01,VIC,770
2020-05-01,WA,370
2020-06-01,ACT,120
2020-06-01,NSW,1920
2020-06-01,NT,290
2020-06-01,QLD,1320
2020-06-01,SA,90
2020-06-01,TAS,10
2020-06-01,Total,5400
2020-06-01,VIC,1140
2020-06-01,WA,510
2020-07-01,ACT,80
2020-07-01,NSW,1570
2020-07-01,NT,30
2020-07-01,QLD,920
2020-07-01,SA,100
2020-07-01,TAS,30
2020-07-01,Total,3530
2020-07-01,VIC,310
2020-07-01,WA,460
2020-08-01,ACT,60
2020-08-01,NSW,1600
2020-08-01,NT,30
2020-08-01,QLD,600
2020-08-01,SA,50
2020-08-01,TAS,10
2020-08-01,Total,3030
2020-08-01,VIC,220
2020-08-01,WA,460
2020-09-01,ACT,90
2020-09-01,NSW,1880
2020-09-01,NT,270
2020-09-01,QLD,730
2020-09-01,SA,100
2020-09-01,TAS,20
2020-09-01,Total,3720
2020-09-01,VIC,330
2020-09-01,WA,300
2020-10-01,ACT,80
2020-10-01,NSW,3440
2020-10-01,NT,40
2020-10-01,QLD,990
2020-10-01,SA,180
2020-10-01,TAS,50
2020-10-01,Total,6070
2020-10-01,VIC,640
2020-10-01,WA,640
2020-11-01,ACT,110
2020-11-01,NSW,4520
2020-11-01,NT,50
2020-11-01,QLD,1130
2020-11-01,SA,290
2020-11-01,TAS,50
2020-11-01,Total,7570
2020-11-01,VIC,740
2020-11-01,WA,670
2020-12-01,ACT,140
2020-12-01,NSW,4720
2020-12-01,NT,40
2020-12-01,QLD,1100
2020-12-01,SA,220
2020-12-01,TAS,300
2020-12-01,Total,8820
2020-12-01,VIC,1620
2020-12-01,WA,680
2021-01-01,ACT,180
2021-01-01,NSW,2910
2021-01-01,NT,100
2021-01-01,QLD,1500
2021-01-01,SA,260
2021-01-01,TAS,340
2021-01-01,Total,7990
2021-01-01,VIC,2040
2021-01-01,WA,650
2021-02-01,ACT,100
2021-02-01,NSW,2790
2021-02-01,NT,50
2021-02-01,QLD,1410
2021-02-01,SA,220
2021-02-01,TAS,80
2021-02-01,Total,6260
2021-02-01,VIC,920
2021-02-01,WA,670
2021-03-01,ACT,80
2021-03-01,NSW,4130
2021-03-01,NT,360
2021-03-01,QLD,1370
2021-03-01,SA,210
2021-03-01,TAS,120
2021-03-01,Total,8320
2021-03-01,VIC,1280
2021-03-01,WA,780
2021-04-01,ACT,170
2021-04-01,NSW,10940
2021-04-01,NT,130
2021-04-01,QLD,5100
2021-04-01,SA,650
2021-04-01,TAS,220
2021-04-01,Total,22610
2021-04-01,VIC,4030
2021-04-01,WA,1360
2021-05-01,ACT,320
2021-05-01,NSW,16490
2021-05-01,NT,240
2021-05-01,QLD,9850
2021-05-01,SA,780
2021-05-01,TAS,360
2021-05-01,Total,36190
2021-05-01,VIC,5850
2021-05-01,WA,2300
2021-06-01,ACT,440
2021-06-01,NSW,16880
2021-06-01,NT,330
2021-06-01,QLD,13030
2021-06-01,SA,780
2021-06-01,TAS,400
2021-06-01,Total,36770
2021-06-01,VIC,2490
2021-06-01,WA,2410
2021-07-01,ACT,200
2021-07-01,NSW,6160
2021-07-01,NT,340
2021-07-01,QLD,5800
2021-07-01,SA,640
2021-07-01,TAS,360
2021-07-01,Total,18720
2021-07-01,VIC,3280
2021-07-01,WA,1950
2021-08-01,ACT,110
2021-08-01,NSW,1450
2021-08-01,NT,390
2021-08-01,QLD,1850
2021-08-01,SA,190
2021-08-01,TAS,180
2021-08-01,Total,6390
2021-08-01,VIC,1390
2021-08-01,WA,830
2021-09-01,ACT,90
2021-09-01,NSW,730
2021-09-01,NT,700
2021-09-01,QLD,1270
2021-09-01,SA,230
2021-09-01,TAS,130
2021-09-01,Total,4430
2021-09-01,VIC,720
2021-09-01,WA,560
2021-10-01,ACT,60
2021-10-01,NSW,980
2021-10-01,NT,190
2021-10-01,QLD,1390
2021-10-01,SA,170
2021-10-01,TAS,340
2021-10-01,Total,4410
2021-10-01,VIC,610
2021-10-01,WA,660
2021-11-01,ACT,460
2021-11-01,NSW,10210
2021-11-01,NT,240
2021-11-01,QLD,1320
2021-11-01,SA,500
2021-11-01,TAS,530
2021-11-01,Total,20860
2021-11-01,VIC,6510
2021-11-01,WA,1090
2021-12-01,ACT,1680
2021-12-01,NSW,37150
2021-12-01,NT,340
2021-12-01,QLD,3340
2021-12-01,SA,1580
2021-12-01,TAS,1040
2021-12-01,Total,73290
2021-12-01,VIC,26340
2021-12-01,WA,1810
2022-01-01,ACT,1480
2022-01-01,NSW,26850
2022-01-01,NT,400
2022-01-01,QLD,5790
2022-01-01,SA,2640
2022-01-01,TAS,720
2022-01-01,Total,60760
2022-01-01,VIC,21740
2022-01-01,WA,1130
2022-02-01,ACT,2150
2022-02-01,NSW,34900
2022-02-01,NT,1000
2022-02-01,QLD,14860
2022-02-01,SA,4300
2022-02-01,TAS,910
2022-02-01,Total,90460
2022-02-01,VIC,29440
2022-02-01,WA,2870
2022-03-01,ACT,2990
2022-03-01,NSW,62610
2022-03-01,NT,690
2022-03-01,QLD,30990
2022-03-01,SA,6720
2022-03-01,TAS,1740
2022-03-01,Total,170250
2022-03-01,VIC,47660
2022-03-01,WA,16810
2022-04-01,ACT,3340
2022-04-01,NSW,82280
2022-04-01,NT,1430
2022-04-01,QLD,44920
2022-04-01,SA,8470
2022-04-01,TAS,2330
2022-04-01,Total,235460
2022-04-01,VIC,65620
2022-04-01,WA,27060
2022-05-01,ACT,3140
2022-05-01,NSW,81990
2022-05-01,NT,2000
2022-05-01,QLD,47610
2022-05-01,SA,8330
2022-05-01,TAS,2050
2022-05-01,Total,231480
2022-05-01,VIC,61660
2022-05-01,WA,24680
2022-06-01,ACT,3690
2022-06-01,NSW,91340
2022-06-01,NT,1750
2022-06-01,QLD,63610
2022-06-01,SA,8850
2022-06-01,TAS,2800
2022-06-01,Total,275300
2022-06-01,VIC,74060
2022-06-01,WA,29190
2022-07-01,ACT,5600
2022-07-01,NSW,107570
2022-07-01,NT,3210
2022-07-01,QLD,81880
2022-07-01,SA,10840
2022-07-01,TAS,2660
2022-07-01,Total,325680
2022-07-01,VIC,81840
2022-07-01,WA,32050
2022-08-01,ACT,4460
2022-08-01,NSW,120860
2022-08-01,NT,5560
2022-08-01,QLD,82700
2022-08-01,SA,10390
2022-08-01,TAS,2730
2022-08-01,Total,348440
2022-08-01,VIC,87330
2022-08-01,WA,34380
2022-09-01,ACT,5430
2022-09-01,NSW,128980
2022-09-01,NT,3860
2022-09-01,QLD,86910
2022-09-01,SA,12020
2022-09-01,TAS,3030
2022-09-01,Total,371850
2022-09-01,VIC,90290
2022-09-01,WA,41290
2022-10-01,ACT,5300
2022-10-01,NSW,150840
2022-10-01,NT,2560
2022-10-01,QLD,96970
2022-10-01,SA,14680
2022-10-01,TAS,5220
2022-10-01,Total,430470
2022-10-01,VIC,110020
2022-10-01,WA,44870
2022-11-01,ACT,6910
2022-11-01,NSW,181040
2022-11-01,NT,2950
2022-11-01,QLD,99100
2022-11-01,SA,17140
2022-11-01,TAS,7510
2022-11-01,Total,505240
2022-11-01,VIC,133520
2022-11-01,WA,57000
2022-12-01,ACT,9080
2022-12-01,NSW,242050
2022-12-01,NT,2570
2022-12-01,QLD,120560
2022-12-01,SA,23110
2022-12-01,TAS,10150
2022-12-01,Total,648970
2022-12-01,VIC,170840
2022-12-01,WA,70610
2023-01-01,ACT,5400
2023-01-01,NSW,159130
2023-01-01,NT,2260
2023-01-01,QLD,73690
2023-01-01,SA,15650
2023-01-01,TAS,5920
2023-01-01,Total,412410
2023-01-01,VIC,109950
2023-01-01,WA,40400
2023-02-01,ACT,9480
2023-02-01,NSW,247020
2023-02-01,NT,2830
2023-02-01,QLD,100040
2023-02-01,SA,20920
2023-02-01,TAS,8180
2023-02-01,Total,600710
2023-02-01,VIC,154570
2023-02-01,WA,57590
2023-03-01,ACT,7440
2023-03-01,NSW,234000
2023-03-01,NT,4000
2023-03-01,QLD,111920
2023-03-01,SA,23070
2023-03-01,TAS,8260
2023-03-01,Total,613340
2023-03-01,VIC,159250
2023-03-01,WA,65300
2023-04-01,ACT,7480
2023-04-01,NSW,200230
2023-04-01,NT,3930
2023-04-01,QLD,105730
2023-04-01,SA,18180
2023-04-01,TAS,5150
2023-04-01,Total,544920
2023-04-01,VIC,144420
2023-04-01,WA,59740
2023-05-01,ACT,6620
2023-05-01,NSW,189420
2023-05-01,NT,3860
2023-05-01,QLD,104520
2023-05-01,SA,15840
2023-05-01,TAS,3740
2023-05-01,Total,512330
2023-05-01,VIC,138830
2023-05-01,WA,49460
2023-06-01,ACT,6980
2023-06-01,NSW,203410
2023-06-01,NT,4970
2023-06-01,QLD,123700
2023-06-01,SA,15700
2023-06-01,TAS,4770
2023-06-01,Total,542080
2023-06-01,VIC,132140
2023-06-01,WA,50370
2023-07-01,ACT,10780
2023-07-01,NSW,233530
2023-07-01,NT,5520
2023-07-01,QLD,152860
2023-07-01,SA,18490
2023-07-01,TAS,4150
2023-07-01,Total,625120
2023-07-01,VIC,153260
2023-07-01,WA,46450
2023-08-01,ACT,6640
2023-08-01,NSW,230460
2023-08-01,NT,4960
2023-08-01,QLD,141410
2023-08-01,SA,14860
2023-08-01,TAS,4140
2023-08-01,Total,603360
2023-08-01,VIC,146660
2023-08-01,WA,54240
2023-09-01,ACT,7790
2023-09-01,NSW,220760
2023-09-01,NT,4110
2023-09-01,QLD,135030
2023-09-01,SA,16690
2023-09-01,TAS,3790
2023-09-01,Total,584620
2023-09-01,VIC,139180
2023-09-01,WA,57120
2023-10-01,ACT,6720
2023-10-01,NSW,235230
2023-10-01,NT,3650
2023-10-01,QLD,128570
2023-10-01,SA,17550
2023-10-01,TAS,5730
2023-10-01,Total,607930
2023-10-01,VIC,154040
2023-10-01,WA,56430
2023-11-01,ACT,8120
2023-11-01,NSW,255670
2023-11-01,NT,2930
2023-11-01,QLD,128830
2023-11-01,SA,19770
2023-11-01,TAS,8200
2023-11-01,Total,663760
2023-11-01,VIC,172770
2023-11-01,WA,67460
2023-12-01,ACT,10430
2023-12-01,NSW,351760
2023-12-01,NT,3000
2023-12-01,QLD,159270
2023-12-01,SA,25240
2023-12-01,TAS,9990
2023-12-01,Total,876860
2023-12-01,VIC,236680
2023-12-01,WA,80370
